Age;Attrition;BusinessVoyage;Tarif_ journalier;Departement;Distance_travail;Formation;Formation-detail;Matricule;Satisfaction_environnement;Genre;tarif_horaire;Investissement_travail;Niveau_managerial;Poste;Satisfaction_travail;Statut_marital;Salaire_mensuel;tarif-mensuel;Nb_entreprises_travaillees;Heures_sup;%_augmentation_salariale;Note_performance;Satisfaction_relations;Contrat_horaire;Annees_dans_vie_pro;Formation_annee_precedente;Equilibre_vie_pro_perso;annee_anciennete;annee_poste_actuel;annees_depuis_promotion;annee_avec_manager_actuel
41;Oui;Voyage_rarement;1102;Ventes;1;2;Sciences;1;2;Femme;94;3;2;Sales Executive;4;célibataire;5993;19479;8;Yes;11;3;1;80;8;0;1;6;4;0;5
49;Non;Voyage_fréquemment;279;R&D;8;1;Sciences;2;3;Homme;61;2;2;Research Scientist;2;Marié;5130;24907;1;No;23;4;4;80;10;3;3;10;7;1;7
37;Oui;Voyage_rarement;1373;R&D;2;2;Autres;4;4;Homme;92;2;1;Laboratory Technician;3;célibataire;2090;2396;6;Yes;15;3;2;80;7;3;3;0;0;0;0
33;Non;Voyage_fréquemment;1392;R&D;3;4;Sciences;5;4;Femme;56;3;1;Research Scientist;3;Marié;2909;23159;1;Yes;11;3;3;80;8;3;3;8;7;3;0
27;Non;Voyage_rarement;591;R&D;2;1;Medecine;7;1;Homme;40;3;1;Laboratory Technician;2;Marié;3468;16632;9;No;12;3;4;80;6;3;3;2;2;2;2
32;Non;Voyage_fréquemment;1005;R&D;2;2;Sciences;8;4;Homme;79;3;1;Laboratory Technician;4;célibataire;3068;11864;0;No;13;3;3;80;8;2;2;7;7;3;6
59;Non;Voyage_rarement;1324;R&D;3;3;Medecine;10;3;Femme;81;4;1;Laboratory Technician;1;Marié;2670;9964;4;Yes;20;4;1;80;12;3;2;1;0;0;0
30;Non;Voyage_rarement;1358;R&D;24;1;Sciences;11;4;Homme;67;3;1;Laboratory Technician;3;Divorcé;2693;13335;1;No;22;4;2;80;1;2;3;1;0;0;0
38;Non;Voyage_fréquemment;216;R&D;23;3;Sciences;12;4;Homme;44;2;3;Manufacturing Director;3;célibataire;9526;8787;0;No;21;4;2;80;10;2;3;9;7;1;8
36;Non;Voyage_rarement;1299;R&D;27;3;Medecine;13;3;Homme;94;3;2;Healthcare Representative;3;Marié;5237;16577;6;No;13;3;2;80;17;3;2;7;7;7;7
35;Non;Voyage_rarement;809;R&D;16;3;Medecine;14;1;Homme;84;4;1;Laboratory Technician;2;Marié;2426;16479;0;No;13;3;3;80;6;5;3;5;4;0;3
29;Non;Voyage_rarement;153;R&D;15;2;Sciences;15;4;Femme;49;2;2;Laboratory Technician;3;célibataire;4193;12682;0;Yes;12;3;4;80;10;3;3;9;5;0;8
31;Non;Voyage_rarement;670;R&D;26;1;Sciences;16;1;Homme;31;3;1;Research Scientist;3;Divorcé;2911;15170;1;No;17;3;4;80;5;1;2;5;2;4;3
34;Non;Voyage_rarement;1346;R&D;19;2;Medecine;18;2;Homme;93;3;1;Laboratory Technician;4;Divorcé;2661;8758;0;No;11;3;3;80;3;2;3;2;2;1;2
28;Oui;Voyage_rarement;103;R&D;24;3;Sciences;19;3;Homme;50;2;1;Laboratory Technician;3;célibataire;2028;12947;5;Yes;14;3;2;80;6;4;3;4;2;0;3
29;Non;Voyage_rarement;1389;R&D;21;4;Sciences;20;2;Femme;51;4;3;Manufacturing Director;1;Divorcé;9980;10195;1;No;11;3;3;80;10;1;3;10;9;8;8
32;Non;Voyage_rarement;334;R&D;5;2;Sciences;21;1;Homme;80;4;1;Research Scientist;2;Divorcé;3298;15053;0;Yes;12;3;4;80;7;5;2;6;2;0;5
22;Non;Voyage-pas;1123;R&D;16;2;Medecine;22;4;Homme;96;4;1;Laboratory Technician;4;Divorcé;2935;7324;1;Yes;13;3;2;80;1;2;2;1;0;0;0
53;Non;Voyage_rarement;1219;Ventes;2;4;Sciences;23;1;Femme;78;2;4;Manager;4;Marié;15427;22021;2;No;16;3;3;80;31;3;3;25;8;3;7
38;Non;Voyage_rarement;371;R&D;2;3;Sciences;24;4;Homme;45;3;1;Research Scientist;4;célibataire;3944;4306;5;Yes;11;3;3;80;6;3;3;3;2;1;2
24;Non;Voyage-pas;673;R&D;11;2;Autres;26;1;Femme;96;4;2;Manufacturing Director;3;Divorcé;4011;8232;0;No;18;3;4;80;5;5;2;4;2;1;3
36;Oui;Voyage_rarement;1218;Ventes;9;4;Sciences;27;3;Homme;82;2;1;Sales Representative;1;célibataire;3407;6986;7;No;23;4;2;80;10;4;3;5;3;0;3
34;Non;Voyage_rarement;419;R&D;7;4;Sciences;28;1;Femme;53;3;3;Research Director;2;célibataire;11994;21293;0;No;11;3;3;80;13;4;3;12;6;2;11
21;Non;Voyage_rarement;391;R&D;15;2;Sciences;30;3;Homme;96;3;1;Research Scientist;4;célibataire;1232;19281;1;No;14;3;4;80;0;6;3;0;0;0;0
34;Oui;Voyage_rarement;699;R&D;6;1;Medecine;31;2;Homme;83;3;1;Research Scientist;1;célibataire;2960;17102;2;No;11;3;3;80;8;2;3;4;2;1;3
53;Non;Voyage_rarement;1282;R&D;5;3;Autres;32;3;Femme;58;3;5;Manager;3;Divorcé;19094;10735;4;No;11;3;4;80;26;3;2;14;13;4;8
32;Oui;Voyage_fréquemment;1125;R&D;16;1;Sciences;33;2;Femme;72;1;1;Research Scientist;1;célibataire;3919;4681;1;Yes;22;4;2;80;10;5;3;10;2;6;7
42;Non;Voyage_rarement;691;Ventes;8;4;Marketing;35;3;Homme;48;3;2;Sales Executive;2;Marié;6825;21173;0;No;11;3;4;80;10;2;3;9;7;4;2
44;Non;Voyage_rarement;477;R&D;7;4;Medecine;36;1;Femme;42;2;3;Healthcare Representative;4;Marié;10248;2094;3;No;14;3;4;80;24;4;3;22;6;5;17
46;Non;Voyage_rarement;705;Ventes;2;4;Marketing;38;2;Femme;83;3;5;Manager;1;célibataire;18947;22822;3;No;12;3;4;80;22;2;2;2;2;2;1
33;Non;Voyage_rarement;924;R&D;2;3;Medecine;39;3;Homme;78;3;1;Laboratory Technician;4;célibataire;2496;6670;4;No;11;3;4;80;7;3;3;1;1;0;0
44;Non;Voyage_rarement;1459;R&D;10;4;Autres;40;4;Homme;41;3;2;Healthcare Representative;4;Marié;6465;19121;2;Yes;13;3;4;80;9;5;4;4;2;1;3
30;Non;Voyage_rarement;125;R&D;9;2;Medecine;41;4;Homme;83;2;1;Laboratory Technician;3;célibataire;2206;16117;1;No;13;3;1;80;10;5;3;10;0;1;8
39;Oui;Voyage_rarement;895;Ventes;5;3;Diplome technique;42;4;Homme;56;3;2;Sales Representative;4;Marié;2086;3335;3;No;14;3;3;80;19;6;4;1;0;0;0
24;Oui;Voyage_rarement;813;R&D;1;3;Medecine;45;2;Homme;61;3;1;Research Scientist;4;Marié;2293;3020;2;Yes;16;3;1;80;6;2;2;2;0;2;0
43;Non;Voyage_rarement;1273;R&D;2;2;Medecine;46;4;Femme;72;4;1;Research Scientist;3;Divorcé;2645;21923;1;No;12;3;4;80;6;3;2;5;3;1;4
50;Oui;Voyage_rarement;869;Ventes;3;2;Marketing;47;1;Homme;86;2;1;Sales Representative;3;Marié;2683;3810;1;Yes;14;3;3;80;3;2;3;3;2;0;2
35;Non;Voyage_rarement;890;Ventes;2;3;Marketing;49;4;Femme;97;3;1;Sales Representative;4;Marié;2014;9687;1;No;13;3;1;80;2;3;3;2;2;2;2
36;Non;Voyage_rarement;852;R&D;5;4;Sciences;51;2;Femme;82;2;1;Research Scientist;1;Marié;3419;13072;9;Yes;14;3;4;80;6;3;4;1;1;0;0
33;Non;Voyage_fréquemment;1141;Ventes;1;3;Sciences;52;3;Femme;42;4;2;Sales Executive;1;Marié;5376;3193;2;No;19;3;1;80;10;3;3;5;3;1;3
35;Non;Voyage_rarement;464;R&D;4;2;Autres;53;3;Homme;75;3;1;Laboratory Technician;4;Divorcé;1951;10910;1;No;12;3;3;80;1;3;3;1;0;0;0
27;Non;Voyage_rarement;1240;R&D;2;4;Sciences;54;4;Femme;33;3;1;Laboratory Technician;1;Divorcé;2341;19715;1;No;13;3;4;80;1;6;3;1;0;0;0
26;Oui;Voyage_rarement;1357;R&D;25;3;Sciences;55;1;Homme;48;1;1;Laboratory Technician;3;célibataire;2293;10558;1;No;12;3;3;80;1;2;2;1;0;0;1
27;Non;Voyage_fréquemment;994;Ventes;8;3;Sciences;56;4;Homme;37;3;3;Sales Executive;3;célibataire;8726;2975;1;No;15;3;4;80;9;0;3;9;8;1;7
30;Non;Voyage_fréquemment;721;R&D;1;2;Medecine;57;3;Femme;58;3;2;Laboratory Technician;4;célibataire;4011;10781;1;No;23;4;4;80;12;2;3;12;8;3;7
41;Oui;Voyage_rarement;1360;R&D;12;3;Diplome technique;58;2;Femme;49;3;5;Research Director;3;Marié;19545;16280;1;No;12;3;4;80;23;0;3;22;15;15;8
34;Non;Voyage-pas;1065;Ventes;23;4;Marketing;60;2;Homme;72;3;2;Sales Executive;3;célibataire;4568;10034;0;No;20;4;3;80;10;2;3;9;5;8;7
37;Non;Voyage_rarement;408;R&D;19;2;Sciences;61;2;Homme;73;3;1;Research Scientist;2;Marié;3022;10227;4;No;21;4;1;80;8;1;3;1;0;0;0
46;Non;Voyage_fréquemment;1211;Ventes;5;4;Marketing;62;1;Homme;98;3;2;Sales Executive;4;célibataire;5772;20445;4;Yes;21;4;3;80;14;4;3;9;6;0;8
35;Non;Voyage_rarement;1229;R&D;8;1;Sciences;63;4;Homme;36;4;1;Laboratory Technician;4;Marié;2269;4892;1;No;19;3;4;80;1;2;3;1;0;0;1
48;Oui;Voyage_rarement;626;R&D;1;2;Sciences;64;1;Homme;98;2;3;Laboratory Technician;3;célibataire;5381;19294;9;Yes;13;3;4;80;23;2;3;1;0;0;0
28;Oui;Voyage_rarement;1434;R&D;5;4;Diplome technique;65;3;Homme;50;3;1;Laboratory Technician;3;célibataire;3441;11179;1;Yes;13;3;3;80;2;3;2;2;2;2;2
44;Non;Voyage_rarement;1488;Ventes;1;5;Marketing;68;2;Femme;75;3;2;Sales Executive;1;Divorcé;5454;4009;5;Yes;21;4;3;80;9;2;2;4;3;1;3
35;Non;Voyage-pas;1097;R&D;11;2;Medecine;70;3;Homme;79;2;3;Healthcare Representative;1;Marié;9884;8302;2;Yes;13;3;3;80;10;3;3;4;0;2;3
26;Non;Voyage_rarement;1443;Ventes;23;3;Marketing;72;3;Femme;47;2;2;Sales Executive;4;Marié;4157;21436;7;Yes;19;3;3;80;5;2;2;2;2;0;0
33;Non;Voyage_fréquemment;515;R&D;1;2;Sciences;73;1;Femme;98;3;3;Research Director;4;célibataire;13458;15146;1;Yes;12;3;3;80;15;1;3;15;14;8;12
35;Non;Voyage_fréquemment;853;Ventes;18;5;Sciences;74;2;Homme;71;3;3;Sales Executive;1;Marié;9069;11031;1;No;22;4;4;80;9;3;2;9;8;1;8
35;Non;Voyage_rarement;1142;R&D;23;4;Medecine;75;3;Femme;30;3;1;Laboratory Technician;1;Marié;4014;16002;3;Yes;15;3;3;80;4;3;3;2;2;2;2
31;Non;Voyage_rarement;655;R&D;7;4;Sciences;76;4;Homme;48;3;2;Laboratory Technician;4;Divorcé;5915;9528;3;No;22;4;4;80;10;3;2;7;7;1;7
37;Non;Voyage_rarement;1115;R&D;1;4;Sciences;77;1;Homme;51;2;2;Manufacturing Director;3;Divorcé;5993;2689;1;No;18;3;3;80;7;2;4;7;5;0;7
32;Non;Voyage_rarement;427;R&D;1;3;Medecine;78;1;Homme;33;3;2;Manufacturing Director;4;Marié;6162;10877;1;Yes;22;4;2;80;9;3;3;9;8;7;8
38;Non;Voyage_fréquemment;653;R&D;29;5;Sciences;79;4;Femme;50;3;2;Laboratory Technician;4;célibataire;2406;5456;1;No;11;3;4;80;10;2;3;10;3;9;9
50;Non;Voyage_rarement;989;R&D;7;2;Medecine;80;2;Femme;43;2;5;Research Director;3;Divorcé;18740;16701;5;Yes;12;3;4;80;29;2;2;27;3;13;8
59;Non;Voyage_rarement;1435;Ventes;25;3;Sciences;81;1;Femme;99;3;3;Sales Executive;1;célibataire;7637;2354;7;No;11;3;4;80;28;3;2;21;16;7;9
36;Non;Voyage_rarement;1223;R&D;8;3;Diplome technique;83;3;Femme;59;3;3;Healthcare Representative;3;Divorcé;10096;8202;1;No;13;3;2;80;17;2;3;17;14;12;8
55;Non;Voyage_rarement;836;R&D;8;3;Medecine;84;4;Femme;33;3;4;Manager;3;Divorcé;14756;19730;2;Yes;14;3;3;80;21;2;3;5;0;0;2
36;Non;Voyage_fréquemment;1195;R&D;11;3;Sciences;85;2;Homme;95;2;2;Manufacturing Director;2;célibataire;6499;22656;1;No;13;3;3;80;6;3;3;6;5;0;3
45;Non;Voyage_rarement;1339;R&D;7;3;Sciences;86;2;Homme;59;3;3;Research Scientist;1;Divorcé;9724;18787;2;No;17;3;3;80;25;2;3;1;0;0;0
35;Non;Voyage_fréquemment;664;R&D;1;3;Medecine;88;2;Homme;79;3;1;Research Scientist;1;Marié;2194;5868;4;No;13;3;4;80;5;2;2;3;2;1;2
36;Oui;Voyage_rarement;318;R&D;9;3;Medecine;90;4;Homme;79;2;1;Research Scientist;3;Marié;3388;21777;0;Yes;17;3;1;80;2;0;2;1;0;0;0
59;Non;Voyage_fréquemment;1225;Ventes;1;1;Sciences;91;1;Femme;57;2;2;Sales Executive;3;célibataire;5473;24668;7;No;11;3;4;80;20;2;2;4;3;1;3
29;Non;Voyage_rarement;1328;R&D;2;3;Sciences;94;3;Homme;76;3;1;Research Scientist;2;Marié;2703;4956;0;No;23;4;4;80;6;3;3;5;4;0;4
31;Non;Voyage_rarement;1082;R&D;1;4;Medecine;95;3;Homme;87;3;1;Research Scientist;2;célibataire;2501;18775;1;No;17;3;2;80;1;4;3;1;1;1;0
32;Non;Voyage_rarement;548;R&D;1;3;Sciences;96;2;Homme;66;3;2;Research Scientist;2;Marié;6220;7346;1;No;17;3;2;80;10;3;3;10;4;0;9
36;Non;Voyage_rarement;132;R&D;6;3;Sciences;97;2;Femme;55;4;1;Laboratory Technician;4;Marié;3038;22002;3;No;12;3;2;80;5;3;3;1;0;0;0
31;Non;Voyage_rarement;746;R&D;8;4;Sciences;98;3;Femme;61;3;2;Manufacturing Director;4;célibataire;4424;20682;1;No;23;4;4;80;11;2;3;11;7;1;8
35;Non;Voyage_rarement;776;Ventes;1;4;Marketing;100;3;Homme;32;2;2;Sales Executive;1;célibataire;4312;23016;0;No;14;3;2;80;16;2;3;15;13;2;8
45;Non;Voyage_rarement;193;R&D;6;4;Autres;101;4;Homme;52;3;3;Research Director;1;Marié;13245;15067;4;Yes;14;3;2;80;17;3;4;0;0;0;0
37;Non;Voyage_rarement;397;R&D;7;4;Medecine;102;1;Homme;30;3;3;Research Director;3;célibataire;13664;25258;4;No;13;3;1;80;16;3;4;5;2;0;2
46;Non;Voyage_rarement;945;RH;5;2;Medecine;103;2;Homme;80;3;2;Human Resources;2;Divorcé;5021;10425;8;Yes;22;4;4;80;16;2;3;4;2;0;2
30;Non;Voyage_rarement;852;R&D;1;1;Sciences;104;4;Homme;55;2;2;Laboratory Technician;4;Marié;5126;15998;1;Yes;12;3;3;80;10;1;2;10;8;3;0
35;Non;Voyage_rarement;1214;R&D;1;3;Medecine;105;2;Homme;30;2;1;Research Scientist;3;célibataire;2859;26278;1;No;18;3;1;80;6;3;3;6;4;0;4
55;Non;Voyage_rarement;111;Ventes;1;2;Sciences;106;1;Homme;70;3;3;Sales Executive;4;Marié;10239;18092;3;No;14;3;4;80;24;4;3;1;0;1;0
38;Non;Voyage-pas;573;R&D;6;3;Medecine;107;2;Femme;79;1;2;Research Scientist;4;Divorcé;5329;15717;7;Yes;12;3;4;80;17;3;3;13;11;1;9
34;Non;Voyage_rarement;1153;R&D;1;2;Medecine;110;1;Homme;94;3;2;Manufacturing Director;2;Marié;4325;17736;1;No;15;3;3;80;5;2;3;5;2;1;3
56;Non;Voyage_rarement;1400;R&D;7;3;Sciences;112;4;Homme;49;1;3;Manufacturing Director;4;célibataire;7260;21698;4;No;11;3;1;80;37;3;2;6;4;0;2
23;Non;Voyage_rarement;541;Ventes;2;1;Diplome technique;113;3;Homme;62;3;1;Sales Representative;1;Divorcé;2322;9518;3;No;13;3;3;80;3;3;3;0;0;0;0
51;Non;Voyage_rarement;432;R&D;9;4;Sciences;116;4;Homme;96;3;1;Laboratory Technician;4;Marié;2075;18725;3;No;23;4;2;80;10;4;3;4;2;0;3
30;Non;Voyage_rarement;288;R&D;2;3;Sciences;117;3;Homme;99;2;2;Healthcare Representative;4;Marié;4152;15830;1;No;19;3;1;80;11;3;3;11;10;10;8
46;Oui;Voyage_rarement;669;Ventes;9;2;Medecine;118;3;Homme;64;2;3;Sales Executive;4;célibataire;9619;13596;1;No;16;3;4;80;9;3;3;9;8;4;7
40;Non;Voyage_fréquemment;530;R&D;1;4;Sciences;119;3;Homme;78;2;4;Healthcare Representative;2;Marié;13503;14115;1;No;22;4;4;80;22;3;2;22;3;11;11
51;Non;Voyage_rarement;632;Ventes;21;4;Marketing;120;3;Homme;71;3;2;Sales Executive;4;célibataire;5441;8423;0;Yes;22;4;4;80;11;2;1;10;7;1;0
30;Non;Voyage_rarement;1334;Ventes;4;2;Medecine;121;3;Femme;63;2;2;Sales Executive;2;Divorcé;5209;19760;1;Yes;12;3;2;80;11;4;2;11;8;2;7
46;Non;Voyage_fréquemment;638;R&D;1;3;Medecine;124;3;Homme;40;2;3;Healthcare Representative;1;Marié;10673;3142;2;Yes;13;3;3;80;21;5;2;10;9;9;5
32;Non;Voyage_rarement;1093;Ventes;6;4;Medecine;125;2;Homme;87;3;2;Sales Executive;3;célibataire;5010;24301;1;No;16;3;1;80;12;0;3;11;8;5;7
54;Non;Voyage_rarement;1217;R&D;2;4;Diplome technique;126;1;Femme;60;3;3;Research Director;3;Marié;13549;24001;9;No;12;3;1;80;16;5;1;4;3;0;3
24;Non;Voyage_rarement;1353;Ventes;3;2;Autres;128;1;Femme;33;3;2;Sales Executive;3;Marié;4999;17519;0;No;21;4;1;80;4;2;2;3;2;0;2
28;Non;Voyage-pas;120;Ventes;4;3;Medecine;129;2;Homme;43;3;2;Sales Executive;3;Marié;4221;8863;1;No;15;3;2;80;5;3;4;5;4;0;4
58;Non;Voyage_rarement;682;Ventes;10;4;Medecine;131;4;Homme;37;3;4;Sales Executive;3;célibataire;13872;24409;0;No;13;3;3;80;38;1;2;37;10;1;8
44;Non;Voyage-pas;489;R&D;23;3;Medecine;132;2;Homme;67;3;2;Laboratory Technician;2;Marié;2042;25043;4;No;12;3;3;80;17;3;4;3;2;1;2
37;Oui;Voyage_rarement;807;RH;6;4;RH;133;3;Homme;63;3;1;Human Resources;1;Divorcé;2073;23648;4;Yes;22;4;4;80;7;3;3;3;2;0;2
32;Non;Voyage_rarement;827;R&D;1;1;Sciences;134;4;Homme;71;3;1;Research Scientist;1;célibataire;2956;15178;1;No;13;3;4;80;1;2;3;1;0;0;0
20;Oui;Voyage_fréquemment;871;R&D;6;3;Sciences;137;4;Femme;66;2;1;Laboratory Technician;4;célibataire;2926;19783;1;Yes;18;3;2;80;1;5;3;1;0;1;0
34;Non;Voyage_rarement;665;R&D;6;4;Autres;138;1;Femme;41;3;2;Research Scientist;3;célibataire;4809;12482;1;No;14;3;3;80;16;3;3;16;13;2;10
37;Non;Voyage-pas;1040;R&D;2;2;Sciences;139;3;Homme;100;2;2;Healthcare Representative;4;Divorcé;5163;15850;5;No;14;3;4;80;17;2;4;1;0;0;0
59;Non;Voyage-pas;1420;RH;2;4;RH;140;3;Femme;32;2;5;Manager;4;Marié;18844;21922;9;No;21;4;4;80;30;3;3;3;2;2;2
50;Non;Voyage_fréquemment;1115;R&D;1;3;Sciences;141;1;Femme;73;3;5;Research Director;2;Marié;18172;9755;3;Yes;19;3;1;80;28;1;2;8;3;0;7
25;Oui;Voyage_rarement;240;Ventes;5;3;Marketing;142;3;Homme;46;2;2;Sales Executive;3;célibataire;5744;26959;1;Yes;11;3;4;80;6;1;3;6;4;0;3
25;Non;Voyage_rarement;1280;R&D;7;1;Medecine;143;4;Homme;64;2;1;Research Scientist;4;Marié;2889;26897;1;No;11;3;3;80;2;2;3;2;2;2;1
22;Non;Voyage_rarement;534;R&D;15;3;Medecine;144;2;Femme;59;3;1;Laboratory Technician;4;célibataire;2871;23785;1;No;15;3;3;80;1;5;3;0;0;0;0
51;Non;Voyage_fréquemment;1456;R&D;1;4;Medecine;145;1;Femme;30;2;3;Healthcare Representative;1;célibataire;7484;25796;3;No;20;4;3;80;23;1;2;13;12;12;8
34;Oui;Voyage_fréquemment;658;R&D;7;3;Sciences;147;1;Homme;66;1;2;Laboratory Technician;3;célibataire;6074;22887;1;Yes;24;4;4;80;9;3;3;9;7;0;6
54;Non;Voyage-pas;142;RH;26;3;RH;148;4;Femme;30;4;4;Manager;4;célibataire;17328;13871;2;Yes;12;3;3;80;23;3;3;5;3;4;4
24;Non;Voyage_rarement;1127;R&D;18;1;Sciences;150;2;Homme;52;3;1;Laboratory Technician;3;Marié;2774;13257;0;No;12;3;3;80;6;2;3;5;3;1;2
34;Non;Voyage_rarement;1031;R&D;6;4;Sciences;151;3;Femme;45;2;2;Research Scientist;2;Divorcé;4505;15000;6;No;15;3;3;80;12;3;3;1;0;0;0
37;Non;Voyage_rarement;1189;Ventes;3;3;Sciences;152;3;Homme;87;3;3;Sales Executive;4;célibataire;7428;14506;2;No;12;3;1;80;12;3;3;5;3;1;3
34;Non;Voyage_rarement;1354;R&D;5;3;Medecine;153;3;Femme;45;2;3;Manager;1;célibataire;11631;5615;2;No;12;3;4;80;14;6;3;11;10;5;8
36;Non;Voyage_fréquemment;1467;Ventes;11;2;Diplome technique;154;2;Femme;92;3;3;Sales Executive;4;Marié;9738;22952;0;No;14;3;3;80;10;6;3;9;7;2;8
36;Non;Voyage_rarement;922;R&D;3;2;Sciences;155;1;Femme;39;3;1;Laboratory Technician;4;Divorcé;2835;2561;5;No;22;4;1;80;7;2;3;1;0;0;0
43;Non;Voyage_fréquemment;394;Ventes;26;2;Sciences;158;3;Homme;92;3;4;Manager;4;Marié;16959;19494;1;Yes;12;3;4;80;25;3;4;25;12;4;12
30;Non;Voyage_fréquemment;1312;R&D;23;3;Sciences;159;1;Homme;96;1;1;Research Scientist;3;Divorcé;2613;22310;1;No;25;4;3;80;10;2;2;10;7;0;9
33;Non;Voyage-pas;750;Ventes;22;2;Marketing;160;3;Homme;95;3;2;Sales Executive;2;Marié;6146;15480;0;No;13;3;1;80;8;2;4;7;7;0;7
56;Oui;Voyage_rarement;441;R&D;14;4;Sciences;161;2;Femme;72;3;1;Research Scientist;2;Marié;4963;4510;9;Yes;18;3;1;80;7;2;3;5;4;4;3
51;Non;Voyage_rarement;684;R&D;6;3;Sciences;162;1;Homme;51;3;5;Research Director;3;célibataire;19537;6462;7;No;13;3;3;80;23;5;3;20;18;15;15
31;Oui;Voyage_rarement;249;Ventes;6;4;Sciences;163;2;Homme;76;1;2;Sales Executive;3;Marié;6172;20739;4;Yes;18;3;2;80;12;3;2;7;7;7;7
26;Non;Voyage_rarement;841;R&D;6;3;Autres;164;3;Femme;46;2;1;Research Scientist;2;Marié;2368;23300;1;No;19;3;3;80;5;3;2;5;4;4;3
58;Oui;Voyage_rarement;147;R&D;23;4;Medecine;165;4;Femme;94;3;3;Healthcare Representative;4;Marié;10312;3465;1;No;12;3;4;80;40;3;2;40;10;15;6
19;Oui;Voyage_rarement;528;Ventes;22;1;Marketing;167;4;Homme;50;3;1;Sales Representative;3;célibataire;1675;26820;1;Yes;19;3;4;80;0;2;2;0;0;0;0
22;Non;Voyage_rarement;594;R&D;2;1;Diplome technique;169;3;Homme;100;3;1;Laboratory Technician;4;Marié;2523;19299;0;No;14;3;3;80;3;2;3;2;1;2;1
49;Non;Voyage_rarement;470;R&D;20;4;Medecine;170;3;Femme;96;3;2;Manufacturing Director;1;Marié;6567;5549;1;No;14;3;3;80;16;2;2;15;11;5;11
43;Non;Voyage_fréquemment;957;R&D;28;3;Medecine;171;2;Femme;72;4;1;Research Scientist;3;célibataire;4739;16090;4;No;12;3;4;80;18;2;3;3;2;1;2
50;Non;Voyage_fréquemment;809;Ventes;12;3;Marketing;174;3;Femme;77;3;3;Sales Executive;4;célibataire;9208;6645;4;No;11;3;4;80;16;3;3;2;2;2;1
31;Oui;Voyage_rarement;542;Ventes;20;3;Sciences;175;2;Femme;71;1;2;Sales Executive;3;Marié;4559;24788;3;Yes;11;3;3;80;4;2;3;2;2;2;2
41;Non;Voyage_rarement;802;Ventes;9;1;Sciences;176;3;Homme;96;3;3;Sales Executive;3;Divorcé;8189;21196;3;Yes;13;3;3;80;12;2;3;9;7;0;7
26;Non;Voyage_rarement;1355;RH;25;1;Sciences;177;3;Femme;61;3;1;Human Resources;3;Marié;2942;8916;1;No;23;4;4;80;8;3;3;8;7;5;7
36;Non;Voyage_rarement;216;R&D;6;2;Medecine;178;2;Homme;84;3;2;Manufacturing Director;2;Divorcé;4941;2819;6;No;20;4;4;80;7;0;3;3;2;0;1
51;Oui;Voyage_fréquemment;1150;R&D;8;4;Sciences;179;1;Homme;53;1;3;Manufacturing Director;4;célibataire;10650;25150;2;No;15;3;4;80;18;2;3;4;2;0;3
39;Non;Voyage_rarement;1329;Ventes;4;4;Sciences;182;4;Femme;47;2;2;Sales Executive;3;Marié;5902;14590;4;No;14;3;3;80;17;1;4;15;11;5;9
25;Non;Voyage_rarement;959;Ventes;28;3;Sciences;183;1;Homme;41;2;2;Sales Executive;3;Marié;8639;24835;2;No;18;3;4;80;6;3;3;2;2;2;2
30;Non;Voyage_rarement;1240;RH;9;3;RH;184;3;Homme;48;3;2;Human Resources;4;Marié;6347;13982;0;Yes;19;3;4;80;12;2;1;11;9;4;7
32;Oui;Voyage_rarement;1033;R&D;9;3;Medecine;190;1;Femme;41;3;1;Laboratory Technician;1;célibataire;4200;10224;7;No;22;4;1;80;10;2;4;5;4;0;4
45;Non;Voyage_rarement;1316;R&D;29;3;Medecine;192;3;Homme;83;3;1;Research Scientist;4;célibataire;3452;9752;5;No;13;3;2;80;9;2;2;6;5;0;3
38;Non;Voyage_rarement;364;R&D;3;5;Diplome technique;193;4;Femme;32;3;2;Research Scientist;3;célibataire;4317;2302;3;Yes;20;4;2;80;19;2;3;3;2;2;2
30;Non;Voyage_rarement;438;R&D;18;3;Sciences;194;1;Femme;75;3;1;Research Scientist;3;célibataire;2632;23910;1;No;14;3;3;80;5;4;2;5;4;0;4
32;Non;Voyage_fréquemment;689;Ventes;9;2;Medecine;195;4;Homme;35;1;2;Sales Executive;4;Divorcé;4668;22812;0;No;17;3;4;80;9;2;4;8;7;0;7
30;Non;Voyage_rarement;201;R&D;5;3;Diplome technique;197;4;Femme;84;3;1;Research Scientist;1;Divorcé;3204;10415;5;No;14;3;4;80;8;3;3;3;2;2;2
30;Non;Voyage_rarement;1427;R&D;2;1;Medecine;198;2;Homme;35;2;1;Laboratory Technician;4;célibataire;2720;11162;0;No;13;3;4;80;6;3;3;5;3;1;2
41;Non;Voyage_fréquemment;857;R&D;10;3;Sciences;199;4;Homme;91;2;4;Manager;1;Divorcé;17181;12888;4;No;13;3;2;80;21;2;2;7;6;7;7
41;Non;Voyage_rarement;933;R&D;9;4;Sciences;200;3;Homme;94;3;1;Laboratory Technician;1;Marié;2238;6961;2;No;21;4;4;80;7;2;3;5;0;1;4
19;Non;Voyage_rarement;1181;R&D;3;1;Medecine;201;2;Femme;79;3;1;Laboratory Technician;2;célibataire;1483;16102;1;No;14;3;4;80;1;3;3;1;0;0;0
40;Non;Voyage_fréquemment;1395;R&D;26;3;Medecine;202;2;Femme;54;3;2;Research Scientist;2;Divorcé;5605;8504;1;No;11;3;1;80;20;2;3;20;7;2;13
35;Non;Voyage_rarement;662;Ventes;1;5;Marketing;204;3;Homme;94;3;3;Sales Executive;2;Marié;7295;11439;1;No;13;3;1;80;10;3;3;10;8;0;6
53;Non;Voyage_rarement;1436;Ventes;6;2;Marketing;205;2;Homme;34;3;2;Sales Representative;3;Marié;2306;16047;2;Yes;20;4;4;80;13;3;1;7;7;4;5
45;Non;Voyage_rarement;194;R&D;9;3;Sciences;206;2;Homme;60;3;2;Laboratory Technician;2;Divorcé;2348;10901;8;No;18;3;3;80;20;2;1;17;9;0;15
32;Non;Voyage_fréquemment;967;Ventes;8;3;Marketing;207;2;Femme;43;3;3;Sales Executive;4;célibataire;8998;15589;1;No;14;3;4;80;9;2;3;9;8;3;7
29;Non;Voyage-pas;1496;R&D;1;1;Diplome technique;208;4;Homme;41;3;2;Manufacturing Director;3;Marié;4319;26283;1;No;13;3;1;80;10;1;3;10;7;0;9
51;Non;Voyage_rarement;1169;R&D;7;4;Medecine;211;2;Homme;34;2;2;Manufacturing Director;3;Marié;6132;13983;2;No;17;3;3;80;10;2;3;1;0;0;0
58;Non;Voyage_rarement;1145;R&D;9;3;Medecine;214;2;Femme;75;2;1;Research Scientist;2;Marié;3346;11873;4;Yes;20;4;2;80;9;3;2;1;0;0;0
40;Non;Voyage_rarement;630;Ventes;4;4;Marketing;215;3;Homme;67;2;3;Sales Executive;4;Marié;10855;8552;7;No;11;3;1;80;15;2;2;12;11;2;11
34;Non;Voyage_fréquemment;303;Ventes;2;4;Marketing;216;3;Femme;75;3;1;Sales Representative;3;Marié;2231;11314;6;No;18;3;4;80;6;3;3;4;3;1;2
22;Non;Voyage_rarement;1256;R&D;19;1;Medecine;217;3;Homme;80;3;1;Research Scientist;4;Marié;2323;11992;1;No;24;4;1;80;2;6;3;2;2;2;2
27;Non;Voyage-pas;691;R&D;9;3;Medecine;218;4;Homme;57;3;1;Research Scientist;2;Divorcé;2024;5970;6;No;18;3;4;80;6;1;1;2;2;2;2
28;Non;Voyage_rarement;440;R&D;21;3;Medecine;221;3;Homme;42;3;1;Research Scientist;4;Marié;2713;6672;1;No;11;3;3;80;5;2;1;5;2;0;2
57;Non;Voyage_rarement;334;R&D;24;2;Sciences;223;3;Homme;83;4;3;Healthcare Representative;4;Divorcé;9439;23402;3;Yes;16;3;2;80;12;2;1;5;3;1;4
27;Non;Voyage-pas;1450;R&D;3;3;Medecine;224;3;Homme;79;2;1;Research Scientist;3;Divorcé;2566;25326;1;Yes;15;3;4;80;1;2;2;1;1;0;1
50;Non;Voyage_rarement;1452;R&D;11;3;Sciences;226;3;Femme;53;3;5;Manager;2;célibataire;19926;17053;3;No;15;3;2;80;21;5;3;5;4;4;4
41;Non;Voyage_rarement;465;R&D;14;3;Sciences;227;1;Homme;56;3;1;Research Scientist;3;Divorcé;2451;4609;4;No;12;3;1;80;13;2;3;9;8;1;8
30;Non;Voyage_rarement;1339;Ventes;5;3;Sciences;228;2;Femme;41;3;3;Sales Executive;4;Marié;9419;8053;2;No;12;3;3;80;12;2;3;10;9;7;4
38;Non;Voyage_rarement;702;Ventes;1;4;Sciences;230;1;Femme;59;2;2;Sales Executive;4;célibataire;8686;12930;4;No;22;4;3;80;12;2;4;8;3;0;7
32;Non;Voyage_rarement;120;R&D;6;5;Sciences;231;3;Homme;43;3;1;Research Scientist;3;célibataire;3038;12430;3;No;20;4;1;80;8;2;3;5;4;1;4
27;Non;Voyage_rarement;1157;R&D;17;3;Diplome technique;233;3;Homme;51;3;1;Research Scientist;2;Marié;3058;13364;0;Yes;16;3;4;80;6;3;2;5;2;1;1
19;Oui;Voyage_fréquemment;602;Ventes;1;1;Diplome technique;235;3;Femme;100;1;1;Sales Representative;1;célibataire;2325;20989;0;No;21;4;1;80;1;5;4;0;0;0;0
36;Non;Voyage_fréquemment;1480;R&D;3;2;Medecine;238;4;Homme;30;3;1;Laboratory Technician;2;célibataire;2088;15062;4;No;12;3;3;80;13;3;2;8;7;7;2
30;Non;Voyage-pas;111;R&D;9;3;Medecine;239;3;Homme;66;3;2;Laboratory Technician;1;Divorcé;3072;11012;1;No;11;3;3;80;12;4;3;12;9;6;10
45;Non;Voyage_rarement;1268;Ventes;4;2;Sciences;240;3;Femme;30;3;2;Sales Executive;1;Divorcé;5006;6319;4;Yes;11;3;1;80;9;3;4;5;4;0;3
56;Non;Voyage_rarement;713;R&D;8;3;Sciences;241;3;Femme;67;3;1;Research Scientist;1;Divorcé;4257;13939;4;Yes;18;3;3;80;19;3;3;2;2;2;2
33;Non;Voyage_rarement;134;R&D;2;3;Sciences;242;3;Homme;90;3;1;Research Scientist;4;célibataire;2500;10515;0;No;14;3;1;80;4;2;4;3;1;0;2
19;Oui;Voyage_rarement;303;R&D;2;3;Sciences;243;2;Homme;47;2;1;Laboratory Technician;4;célibataire;1102;9241;1;No;22;4;3;80;1;3;2;1;0;1;0
46;Non;Voyage_rarement;526;Ventes;1;2;Marketing;244;2;Femme;92;3;3;Sales Executive;1;Divorcé;10453;2137;1;No;25;4;3;80;24;2;3;24;13;15;7
38;Non;Voyage_rarement;1380;R&D;9;2;Sciences;245;3;Femme;75;3;1;Laboratory Technician;4;célibataire;2288;6319;1;No;12;3;3;80;2;3;3;2;2;2;1
31;Non;Voyage_rarement;140;R&D;12;1;Medecine;246;3;Femme;95;3;1;Research Scientist;4;Marié;3929;6984;8;Yes;23;4;3;80;7;0;3;4;2;0;2
34;Non;Voyage_rarement;629;R&D;27;2;Medecine;247;4;Femme;95;3;1;Research Scientist;2;célibataire;2311;5711;2;No;15;3;4;80;9;3;3;3;2;1;2
41;Oui;Voyage_rarement;1356;Ventes;20;2;Marketing;248;2;Femme;70;3;1;Sales Representative;2;célibataire;3140;21728;1;Yes;22;4;4;80;4;5;2;4;3;0;2
50;Non;Voyage_rarement;328;R&D;1;3;Medecine;249;3;Homme;86;2;1;Laboratory Technician;3;Marié;3690;3425;2;No;15;3;4;80;5;2;2;3;2;0;2
53;Non;Voyage_rarement;1084;R&D;13;2;Medecine;250;4;Femme;57;4;2;Manufacturing Director;1;Divorcé;4450;26250;1;No;11;3;3;80;5;3;3;4;2;1;3
33;Non;Voyage_rarement;931;R&D;14;3;Medecine;252;4;Femme;72;3;1;Research Scientist;2;Marié;2756;4673;1;No;13;3;4;80;8;5;3;8;7;1;6
40;Non;Voyage_rarement;989;R&D;4;1;Medecine;253;4;Femme;46;3;5;Manager;3;Marié;19033;6499;1;No;14;3;2;80;21;2;3;20;8;9;9
55;Non;Voyage_rarement;692;R&D;14;4;Medecine;254;3;Homme;61;4;5;Research Director;2;célibataire;18722;13339;8;No;11;3;4;80;36;3;3;24;15;2;15
34;Non;Voyage_fréquemment;1069;R&D;2;1;Sciences;256;4;Homme;45;2;2;Manufacturing Director;3;Marié;9547;14074;1;No;17;3;3;80;10;2;2;10;9;1;9
51;Non;Voyage_rarement;313;R&D;3;3;Medecine;258;4;Femme;98;3;4;Healthcare Representative;2;célibataire;13734;7192;3;No;18;3;3;80;21;6;3;7;7;1;0
52;Non;Voyage_rarement;699;R&D;1;4;Sciences;259;3;Homme;65;2;5;Manager;3;Marié;19999;5678;0;No;14;3;1;80;34;5;3;33;18;11;9
27;Non;Voyage_rarement;894;R&D;9;3;Medecine;260;4;Femme;99;3;1;Research Scientist;2;célibataire;2279;11781;1;No;16;3;4;80;7;2;2;7;7;0;3
35;Oui;Voyage_rarement;556;R&D;23;2;Sciences;261;2;Homme;50;2;2;Manufacturing Director;3;Marié;5916;15497;3;Yes;13;3;1;80;8;1;3;1;0;0;1
43;Non;Voyage-pas;1344;R&D;7;3;Medecine;262;4;Homme;37;4;1;Research Scientist;4;Divorcé;2089;5228;4;No;14;3;4;80;7;3;4;5;4;2;2
45;Non;Voyage-pas;1195;R&D;2;2;Medecine;264;1;Homme;65;2;4;Manager;4;Marié;16792;20462;9;No;23;4;4;80;22;1;3;20;8;11;8
37;Non;Voyage_rarement;290;R&D;21;3;Sciences;267;2;Homme;65;4;1;Research Scientist;1;Marié;3564;22977;1;Yes;12;3;1;80;8;3;2;8;7;1;7
35;Non;Voyage_fréquemment;138;R&D;2;3;Medecine;269;2;Femme;37;3;2;Laboratory Technician;2;célibataire;4425;15986;5;No;11;3;4;80;10;5;3;6;2;1;2
42;Non;Voyage-pas;926;R&D;21;2;Medecine;270;3;Femme;36;3;2;Manufacturing Director;3;Divorcé;5265;16439;2;No;16;3;2;80;11;5;3;5;3;0;2
38;Non;Voyage_rarement;1261;R&D;2;4;Sciences;271;4;Homme;88;3;2;Manufacturing Director;3;Marié;6553;7259;9;No;14;3;2;80;14;3;3;1;0;0;0
38;Non;Voyage_rarement;1084;R&D;29;3;Diplome technique;273;4;Homme;54;3;2;Manufacturing Director;4;Marié;6261;4185;3;No;18;3;1;80;9;3;1;7;7;1;7
27;Non;Voyage_fréquemment;472;R&D;1;1;Diplome technique;274;3;Homme;60;2;2;Manufacturing Director;1;Marié;4298;9679;5;No;19;3;3;80;6;1;3;2;2;2;0
49;Non;Voyage-pas;1002;R&D;18;4;Sciences;275;4;Homme;92;3;2;Manufacturing Director;4;Divorcé;6804;23793;1;Yes;15;3;1;80;7;0;3;7;7;1;7
34;Non;Voyage_fréquemment;878;R&D;10;4;Medecine;277;4;Homme;43;3;1;Research Scientist;3;Divorcé;3815;5972;1;Yes;17;3;4;80;5;4;4;5;3;2;0
40;Non;Voyage_rarement;905;R&D;19;2;Medecine;281;3;Homme;99;3;2;Laboratory Technician;4;Marié;2741;16523;8;Yes;15;3;3;80;15;2;4;7;2;3;7
38;Oui;Voyage_rarement;1180;R&D;29;1;Medecine;282;2;Homme;70;3;2;Healthcare Representative;1;Marié;6673;11354;7;Yes;19;3;2;80;17;2;3;1;0;0;0
29;Oui;Voyage_rarement;121;Ventes;27;3;Marketing;283;2;Femme;35;3;3;Sales Executive;4;Marié;7639;24525;1;No;22;4;4;80;10;3;2;10;4;1;9
22;Non;Voyage_rarement;1136;R&D;5;3;Sciences;284;4;Homme;60;4;1;Research Scientist;2;Divorcé;2328;12392;1;Yes;16;3;1;80;4;2;2;4;2;2;2
36;Non;Voyage_fréquemment;635;R&D;18;1;Medecine;286;2;Femme;73;3;1;Laboratory Technician;4;célibataire;2153;7703;1;No;13;3;1;80;8;2;3;8;1;1;7
40;Non;Voyage-pas;1151;R&D;9;5;Sciences;287;4;Homme;63;2;2;Healthcare Representative;4;Marié;4876;14242;9;No;14;3;4;80;5;5;1;3;2;0;2
46;Non;Voyage_rarement;644;R&D;1;4;Medecine;288;4;Homme;97;3;3;Healthcare Representative;1;Divorcé;9396;12368;7;No;16;3;3;80;17;3;3;4;2;0;3
32;Oui;Voyage_rarement;1045;Ventes;4;4;Medecine;291;4;Homme;32;1;3;Sales Executive;4;Marié;10400;25812;1;No;11;3;3;80;14;2;2;14;8;9;8
30;Non;Voyage-pas;829;R&D;1;1;Sciences;292;3;Homme;88;2;3;Manufacturing Director;3;célibataire;8474;20925;1;No;22;4;3;80;12;2;3;11;8;5;8
27;Non;Voyage_fréquemment;1242;Ventes;20;3;Sciences;293;4;Femme;90;3;2;Sales Executive;3;célibataire;9981;12916;1;No;14;3;4;80;7;2;3;7;7;0;7
51;Non;Voyage_rarement;1469;R&D;8;4;Sciences;296;2;Homme;81;2;3;Research Director;2;Marié;12490;15736;5;No;16;3;4;80;16;5;1;10;9;4;7
30;Oui;Voyage_rarement;1005;R&D;3;3;Diplome technique;297;4;Femme;88;3;1;Research Scientist;1;célibataire;2657;8556;5;Yes;11;3;3;80;8;5;3;5;2;0;4
41;Non;Voyage_rarement;896;Ventes;6;3;Sciences;298;4;Femme;75;3;3;Manager;4;célibataire;13591;14674;3;Yes;18;3;3;80;16;3;3;1;0;0;0
30;Oui;Voyage_fréquemment;334;Ventes;26;4;Marketing;299;3;Femme;52;2;2;Sales Executive;1;célibataire;6696;22967;5;No;15;3;3;80;9;5;2;6;3;0;1
29;Oui;Voyage_rarement;992;R&D;1;3;Diplome technique;300;3;Homme;85;3;1;Research Scientist;3;célibataire;2058;19757;0;No;14;3;4;80;7;1;2;6;2;1;5
45;Non;Voyage-pas;1052;Ventes;6;3;Medecine;302;4;Femme;57;2;3;Sales Executive;4;célibataire;8865;16840;6;No;12;3;4;80;23;2;3;19;7;12;8
54;Non;Voyage_rarement;1147;Ventes;3;3;Marketing;303;4;Femme;52;3;2;Sales Executive;1;Marié;5940;17011;2;No;14;3;4;80;16;4;3;6;2;0;5
36;Non;Voyage_rarement;1396;R&D;5;2;Sciences;304;4;Homme;62;3;2;Laboratory Technician;2;célibataire;5914;9945;8;No;16;3;4;80;16;3;4;13;11;3;7
33;Non;Voyage_rarement;147;R&D;4;4;Medecine;305;3;Femme;47;2;1;Research Scientist;2;Marié;2622;13248;6;No;21;4;4;80;7;3;3;3;2;1;1
37;Non;Voyage_fréquemment;663;R&D;11;3;Autres;306;2;Homme;47;3;3;Research Director;4;Divorcé;12185;10056;1;Yes;14;3;3;80;10;1;3;10;8;0;7
38;Non;Voyage_rarement;119;Ventes;3;3;Sciences;307;1;Homme;76;3;3;Sales Executive;3;Divorcé;10609;9647;0;No;12;3;3;80;17;6;2;16;10;5;13
31;Non;Voyage-pas;979;R&D;1;4;Medecine;308;3;Homme;90;1;2;Manufacturing Director;3;Marié;4345;4381;0;No;12;3;4;80;6;2;3;5;4;1;4
59;Non;Voyage_rarement;142;R&D;3;3;Sciences;309;3;Homme;70;2;1;Research Scientist;4;Marié;2177;8456;3;No;17;3;1;80;7;6;3;1;0;0;0
37;Non;Voyage_fréquemment;319;Ventes;4;4;Marketing;311;1;Homme;41;3;1;Sales Representative;4;Divorcé;2793;2539;4;No;17;3;3;80;13;2;3;9;8;5;8
29;Non;Voyage_fréquemment;1413;Ventes;1;1;Medecine;312;2;Femme;42;3;3;Sales Executive;4;Marié;7918;6599;1;No;14;3;4;80;11;5;3;11;10;4;1
35;Non;Voyage_fréquemment;944;Ventes;1;3;Marketing;314;3;Femme;92;3;3;Sales Executive;3;célibataire;8789;9096;1;No;14;3;1;80;10;3;4;10;7;0;8
29;Oui;Voyage_rarement;896;R&D;18;1;Medecine;315;3;Homme;86;2;1;Research Scientist;4;célibataire;2389;14961;1;Yes;13;3;3;80;4;3;2;4;3;0;1
52;Non;Voyage_rarement;1323;R&D;2;3;Sciences;316;3;Femme;89;2;1;Laboratory Technician;4;célibataire;3212;3300;7;No;15;3;2;80;6;3;2;2;2;2;2
42;Non;Voyage_rarement;532;R&D;4;2;Diplome technique;319;3;Homme;58;3;5;Manager;4;Marié;19232;4933;1;No;11;3;4;80;22;3;3;22;17;11;15
59;Non;Voyage_rarement;818;RH;6;2;Medecine;321;2;Homme;52;3;1;Human Resources;3;Marié;2267;25657;8;No;17;3;4;80;7;2;2;2;2;2;2
50;Non;Voyage_rarement;854;Ventes;1;4;Medecine;323;4;Femme;68;3;5;Manager;4;Divorcé;19517;24118;3;No;11;3;3;80;32;3;2;7;0;0;6
33;Oui;Voyage_rarement;813;R&D;14;3;Medecine;325;3;Homme;58;3;1;Laboratory Technician;4;Marié;2436;22149;5;Yes;13;3;3;80;8;2;1;5;4;0;4
43;Non;Voyage_rarement;1034;Ventes;16;3;Marketing;327;4;Femme;80;3;4;Manager;4;Marié;16064;7744;5;Yes;22;4;3;80;22;3;3;17;13;1;9
33;Oui;Voyage_rarement;465;R&D;2;2;Sciences;328;1;Femme;39;3;1;Laboratory Technician;1;Marié;2707;21509;7;No;20;4;1;80;13;3;4;9;7;1;7
52;Non;Voyage-pas;771;Ventes;2;4;Sciences;329;1;Homme;79;2;5;Manager;3;célibataire;19068;21030;1;Yes;18;3;4;80;33;2;4;33;7;15;12
32;Non;Voyage_rarement;1401;Ventes;4;2;Sciences;330;3;Femme;56;3;1;Sales Representative;2;Marié;3931;20990;2;No;11;3;1;80;6;5;3;4;3;1;2
32;Oui;Voyage_rarement;515;R&D;1;3;Sciences;331;4;Homme;62;2;1;Laboratory Technician;3;célibataire;3730;9571;0;Yes;14;3;4;80;4;2;1;3;2;1;2
39;Non;Voyage_rarement;1431;R&D;1;4;Medecine;332;3;Femme;96;3;1;Laboratory Technician;3;Divorcé;2232;15417;7;No;14;3;3;80;7;1;3;3;2;1;2
32;Non;Voyage-pas;976;Ventes;26;4;Marketing;333;3;Homme;100;3;2;Sales Executive;4;Marié;4465;12069;0;No;18;3;1;80;4;2;3;3;2;2;2
41;Non;Voyage_rarement;1411;R&D;19;2;Sciences;334;3;Homme;36;3;2;Research Scientist;1;Divorcé;3072;19877;2;No;16;3;1;80;17;2;2;1;0;0;0
40;Non;Voyage_rarement;1300;R&D;24;2;Diplome technique;335;1;Homme;62;3;2;Research Scientist;4;Divorcé;3319;24447;1;No;17;3;1;80;9;3;3;9;8;4;7
45;Non;Voyage_rarement;252;R&D;1;3;Autres;336;3;Homme;70;4;5;Manager;4;Marié;19202;15970;0;No;11;3;3;80;25;2;3;24;0;1;7
31;Non;Voyage_fréquemment;1327;R&D;3;4;Medecine;337;2;Homme;73;3;3;Research Director;3;Divorcé;13675;13523;9;No;12;3;1;80;9;3;3;2;2;2;2
33;Non;Voyage_rarement;832;R&D;5;4;Sciences;338;3;Femme;63;2;1;Research Scientist;4;Marié;2911;14776;1;No;13;3;3;80;2;2;2;2;2;0;2
34;Non;Voyage_rarement;470;R&D;2;4;Sciences;339;4;Homme;84;2;2;Manufacturing Director;1;Marié;5957;23687;6;No;13;3;2;80;13;3;3;11;9;5;9
37;Non;Voyage_rarement;1017;R&D;1;2;Medecine;340;3;Femme;83;2;1;Research Scientist;1;Marié;3920;18697;2;No;14;3;1;80;17;2;2;3;1;0;2
45;Non;Voyage_fréquemment;1199;R&D;7;4;Sciences;341;1;Homme;77;4;2;Manufacturing Director;3;Marié;6434;5118;4;No;17;3;4;80;9;1;3;3;2;0;2
37;Oui;Voyage_fréquemment;504;R&D;10;3;Medecine;342;1;Homme;61;3;3;Manufacturing Director;3;Divorcé;10048;22573;6;No;11;3;2;80;17;5;3;1;0;0;0
39;Non;Voyage_fréquemment;505;R&D;2;4;Diplome technique;343;3;Femme;64;3;3;Healthcare Representative;3;célibataire;10938;6420;0;No;25;4;4;80;20;1;3;19;6;11;8
29;Non;Voyage_rarement;665;R&D;15;3;Sciences;346;3;Homme;60;3;1;Research Scientist;4;célibataire;2340;22673;1;No;19;3;1;80;6;1;3;6;5;1;5
42;Non;Voyage_rarement;916;R&D;17;2;Sciences;347;4;Femme;82;4;2;Research Scientist;1;célibataire;6545;23016;3;Yes;13;3;3;80;10;1;3;3;2;0;2
29;Non;Voyage_rarement;1247;Ventes;20;2;Marketing;349;4;Homme;45;3;2;Sales Executive;4;Divorcé;6931;10732;2;No;14;3;4;80;10;2;3;3;2;0;2
25;Non;Voyage_rarement;685;R&D;1;3;Sciences;350;1;Femme;62;3;2;Manufacturing Director;3;Marié;4898;7505;0;No;12;3;4;80;5;3;3;4;2;1;2
42;Non;Voyage_rarement;269;R&D;2;3;Medecine;351;4;Femme;56;2;1;Laboratory Technician;1;Divorcé;2593;8007;0;Yes;11;3;3;80;10;4;3;9;6;7;8
40;Non;Voyage_rarement;1416;R&D;2;2;Medecine;352;1;Homme;49;3;5;Research Director;3;Divorcé;19436;5949;0;No;19;3;4;80;22;5;3;21;7;3;9
51;Non;Voyage_rarement;833;R&D;1;3;Sciences;353;3;Homme;96;3;1;Research Scientist;4;Marié;2723;23231;1;No;11;3;2;80;1;0;2;1;0;0;0
31;Oui;Voyage_fréquemment;307;R&D;29;2;Medecine;355;3;Homme;71;2;1;Laboratory Technician;2;célibataire;3479;11652;0;No;11;3;2;80;6;2;4;5;4;1;4
32;Non;Voyage_fréquemment;1311;R&D;7;3;Sciences;359;2;Homme;100;4;1;Laboratory Technician;2;Marié;2794;26062;1;No;20;4;3;80;5;3;1;5;1;0;3
38;Non;Voyage-pas;1327;Ventes;2;2;Sciences;361;4;Homme;39;2;2;Sales Executive;4;Marié;5249;19682;3;No;18;3;4;80;13;0;3;8;7;7;5
32;Non;Voyage_rarement;128;R&D;2;1;Diplome technique;362;4;Homme;84;2;2;Laboratory Technician;1;célibataire;2176;19737;4;No;13;3;4;80;9;5;3;6;2;0;4
46;Non;Voyage_rarement;488;Ventes;2;3;Diplome technique;363;3;Femme;75;1;4;Manager;2;Marié;16872;14977;3;Yes;12;3;2;80;28;2;2;7;7;7;7
28;Oui;Voyage_rarement;529;R&D;2;4;Sciences;364;1;Homme;79;3;1;Laboratory Technician;3;célibataire;3485;14935;2;No;11;3;3;80;5;5;1;0;0;0;0
29;Non;Voyage_rarement;1210;Ventes;2;3;Medecine;366;1;Homme;78;2;2;Sales Executive;2;Marié;6644;3687;2;No;19;3;2;80;10;2;3;0;0;0;0
31;Non;Voyage_rarement;1463;R&D;23;3;Medecine;367;2;Homme;64;2;2;Healthcare Representative;4;Marié;5582;14408;0;No;21;4;2;80;10;2;3;9;0;7;8
25;Non;Voyage-pas;675;R&D;5;2;Sciences;369;2;Homme;85;4;2;Healthcare Representative;1;Divorcé;4000;18384;1;No;12;3;4;80;6;2;3;6;3;1;5
45;Non;Voyage_rarement;1385;R&D;20;2;Medecine;372;3;Homme;79;3;4;Healthcare Representative;4;Marié;13496;7501;0;Yes;14;3;2;80;21;2;3;20;7;4;10
36;Non;Voyage_rarement;1403;R&D;6;3;Sciences;373;4;Homme;47;3;1;Laboratory Technician;4;Marié;3210;20251;0;No;11;3;3;80;16;4;3;15;13;10;11
55;Non;Voyage_rarement;452;R&D;1;3;Medecine;374;4;Homme;81;3;5;Manager;1;célibataire;19045;18938;0;Yes;14;3;3;80;37;2;3;36;10;4;13
47;Oui;Voyage-pas;666;R&D;29;4;Sciences;376;1;Homme;88;3;3;Manager;2;Marié;11849;10268;1;Yes;12;3;4;80;10;2;2;10;7;9;9
28;Non;Voyage_rarement;1158;R&D;9;3;Medecine;377;4;Homme;94;3;1;Research Scientist;4;Marié;2070;2613;1;No;23;4;4;80;5;3;2;5;2;0;4
37;Non;Voyage_rarement;228;Ventes;6;4;Medecine;378;3;Homme;98;3;2;Sales Executive;4;Marié;6502;22825;4;No;14;3;2;80;7;5;4;5;4;0;1
21;Non;Voyage_rarement;996;R&D;3;2;Medecine;379;4;Homme;100;2;1;Research Scientist;3;célibataire;3230;10531;1;No;17;3;1;80;3;4;4;3;2;1;0
37;Non;Voyage-pas;728;R&D;1;4;Medecine;380;1;Femme;80;3;3;Research Director;4;Divorcé;13603;11677;2;Yes;18;3;1;80;15;2;3;5;2;0;2
35;Non;Voyage_rarement;1315;R&D;22;3;Sciences;381;2;Femme;71;4;3;Manager;2;Divorcé;11996;19100;7;No;18;3;2;80;10;6;2;7;7;6;2
38;Non;Voyage_rarement;322;Ventes;7;2;Medecine;382;1;Femme;44;4;2;Sales Executive;1;Divorcé;5605;19191;1;Yes;24;4;3;80;8;3;3;8;0;7;7
26;Non;Voyage_fréquemment;1479;R&D;1;3;Sciences;384;3;Femme;84;3;2;Manufacturing Director;2;Divorcé;6397;26767;1;No;20;4;1;80;6;6;1;6;5;1;4
50;Non;Voyage_rarement;797;R&D;4;1;Sciences;385;1;Homme;96;3;5;Research Director;2;Divorcé;19144;15815;3;No;14;3;1;80;28;4;2;10;4;1;6
53;Non;Voyage_rarement;1070;R&D;3;4;Medecine;386;3;Homme;45;3;4;Research Director;3;Marié;17584;21016;3;Yes;16;3;4;80;21;5;2;5;3;1;3
42;Non;Voyage_rarement;635;Ventes;1;1;Sciences;387;2;Homme;99;3;2;Sales Executive;3;Marié;4907;24532;1;No;25;4;3;80;20;3;3;20;16;11;6
29;Non;Voyage_fréquemment;442;Ventes;2;2;Sciences;388;2;Homme;44;3;2;Sales Executive;4;célibataire;4554;20260;1;No;18;3;1;80;10;3;2;10;7;0;9
55;Non;Voyage_rarement;147;R&D;20;2;Diplome technique;389;2;Homme;37;3;2;Laboratory Technician;4;Marié;5415;15972;3;Yes;19;3;4;80;12;4;3;10;7;0;8
26;Non;Voyage_fréquemment;496;R&D;11;2;Medecine;390;1;Homme;60;3;2;Healthcare Representative;1;Marié;4741;22722;1;Yes;13;3;3;80;5;3;3;5;3;3;3
37;Non;Voyage_rarement;1372;R&D;1;3;Sciences;391;4;Femme;42;3;1;Research Scientist;4;célibataire;2115;15881;1;No;12;3;2;80;17;3;3;17;12;5;7
44;Oui;Voyage_fréquemment;920;R&D;24;3;Sciences;392;4;Homme;43;3;1;Laboratory Technician;3;Divorcé;3161;19920;3;Yes;22;4;4;80;19;0;1;1;0;0;0
38;Non;Voyage_rarement;688;R&D;23;4;Sciences;393;4;Homme;82;3;2;Healthcare Representative;4;Divorcé;5745;18899;9;No;14;3;2;80;10;2;3;2;2;1;2
26;Oui;Voyage_rarement;1449;R&D;16;4;Medecine;394;1;Homme;45;3;1;Laboratory Technician;2;Divorcé;2373;14180;2;Yes;13;3;4;80;5;2;3;3;2;0;2
28;Non;Voyage_rarement;1117;R&D;8;2;Sciences;395;4;Femme;66;3;1;Research Scientist;4;célibataire;3310;4488;1;No;21;4;4;80;5;3;3;5;3;0;2
49;Non;Voyage_fréquemment;636;R&D;10;4;Sciences;396;3;Femme;35;3;5;Research Director;1;célibataire;18665;25594;9;Yes;11;3;4;80;22;4;3;3;2;1;2
36;Non;Voyage_rarement;506;R&D;3;3;Diplome technique;397;3;Homme;30;3;2;Research Scientist;2;célibataire;4485;26285;4;No;12;3;4;80;10;2;3;8;0;7;7
31;Non;Voyage_fréquemment;444;Ventes;5;3;Marketing;399;4;Femme;84;3;1;Sales Representative;2;Divorcé;2789;3909;1;No;11;3;3;80;2;5;2;2;2;2;2
26;Oui;Voyage_rarement;950;Ventes;4;4;Marketing;401;4;Homme;48;2;2;Sales Executive;4;célibataire;5828;8450;1;Yes;12;3;2;80;8;0;3;8;7;7;4
37;Non;Voyage_fréquemment;889;R&D;9;3;Medecine;403;2;Homme;53;3;1;Research Scientist;4;Marié;2326;11411;1;Yes;12;3;3;80;4;3;2;4;2;1;2
42;Non;Voyage_fréquemment;555;Ventes;26;3;Marketing;404;3;Femme;77;3;4;Sales Executive;2;Marié;13525;14864;5;No;14;3;4;80;23;2;4;20;4;4;8
18;Oui;Voyage_rarement;230;R&D;3;3;Sciences;405;3;Homme;54;3;1;Laboratory Technician;3;célibataire;1420;25233;1;No;13;3;3;80;0;2;3;0;0;0;0
35;Non;Voyage_rarement;1232;Ventes;16;3;Marketing;406;3;Homme;96;3;3;Sales Executive;2;Marié;8020;5100;0;No;15;3;3;80;12;3;2;11;9;6;9
36;Non;Voyage_fréquemment;566;R&D;18;4;Sciences;407;3;Homme;81;4;1;Laboratory Technician;4;Marié;3688;7122;4;No;18;3;4;80;4;2;3;1;0;0;0
51;Non;Voyage_rarement;1302;R&D;2;3;Medecine;408;4;Homme;84;1;2;Manufacturing Director;2;Divorcé;5482;16321;5;No;18;3;4;80;13;3;3;4;1;1;2
41;Non;Voyage_rarement;334;Ventes;2;4;Sciences;410;4;Homme;88;3;4;Manager;2;célibataire;16015;15896;1;No;19;3;2;80;22;2;3;22;10;0;4
18;Non;Voyage_rarement;812;Ventes;10;3;Medecine;411;4;Femme;69;2;1;Sales Representative;3;célibataire;1200;9724;1;No;12;3;1;80;0;2;3;0;0;0;0
28;Non;Voyage_rarement;1476;R&D;16;2;Medecine;412;2;Homme;68;4;2;Healthcare Representative;1;célibataire;5661;4824;0;No;19;3;3;80;9;2;3;8;3;0;7
31;Non;Voyage_rarement;218;Ventes;7;3;Diplome technique;416;2;Homme;100;4;2;Sales Executive;4;Marié;6929;12241;4;No;11;3;2;80;10;3;2;8;7;7;7
39;Non;Voyage_rarement;1132;R&D;1;3;Medecine;417;3;Homme;48;4;3;Healthcare Representative;4;Divorcé;9613;10942;0;No;17;3;1;80;19;5;2;18;10;3;7
36;Non;Voyage-pas;1105;R&D;24;4;Sciences;419;2;Femme;47;3;2;Laboratory Technician;2;Marié;5674;6927;7;No;15;3;3;80;11;3;3;9;8;0;8
32;Non;Voyage_rarement;906;Ventes;7;3;Sciences;420;4;Homme;91;2;2;Sales Executive;3;Marié;5484;16985;1;No;14;3;3;80;13;3;2;13;8;4;8
38;Non;Voyage_rarement;849;R&D;25;2;Sciences;421;1;Femme;81;2;3;Research Director;2;Marié;12061;26707;3;No;17;3;3;80;19;2;3;10;8;0;1
58;Non;Voyage-pas;390;R&D;1;4;Sciences;422;4;Homme;32;1;2;Healthcare Representative;3;Divorcé;5660;17056;2;Yes;13;3;4;80;12;2;3;5;3;1;2
31;Non;Voyage_rarement;691;R&D;5;4;Diplome technique;423;3;Homme;86;3;1;Research Scientist;4;Marié;4821;10077;0;Yes;12;3;3;80;6;4;3;5;2;0;3
31;Non;Voyage_rarement;106;RH;2;3;RH;424;1;Homme;62;2;2;Human Resources;1;Marié;6410;17822;3;No;12;3;4;80;9;1;3;2;2;1;0
45;Non;Voyage_fréquemment;1249;R&D;7;3;Sciences;425;1;Homme;97;3;3;Laboratory Technician;1;Divorcé;5210;20308;1;No;18;3;1;80;24;2;3;24;9;9;11
31;Non;Voyage_rarement;192;R&D;2;4;Sciences;426;3;Homme;32;3;1;Research Scientist;4;Divorcé;2695;7747;0;Yes;18;3;2;80;3;2;1;2;2;2;2
33;Non;Voyage_fréquemment;553;R&D;5;4;Sciences;428;4;Femme;74;3;3;Manager;2;Marié;11878;23364;6;No;11;3;2;80;12;2;3;10;6;8;8
39;Non;Voyage_rarement;117;R&D;10;1;Medecine;429;3;Homme;99;3;4;Manager;1;Marié;17068;5355;1;Yes;14;3;4;80;21;3;3;21;9;11;10
43;Non;Voyage_fréquemment;185;R&D;10;4;Sciences;430;3;Femme;33;3;1;Laboratory Technician;4;célibataire;2455;10675;0;No;19;3;1;80;9;5;3;8;7;1;7
49;Non;Voyage_rarement;1091;R&D;1;2;Diplome technique;431;3;Femme;90;2;4;Healthcare Representative;3;célibataire;13964;17810;7;Yes;12;3;4;80;25;2;3;7;1;0;7
52;Oui;Voyage_rarement;723;R&D;8;4;Medecine;433;3;Homme;85;2;2;Research Scientist;2;Marié;4941;17747;2;No;15;3;1;80;11;3;2;8;2;7;7
27;Non;Voyage_rarement;1220;R&D;5;3;Sciences;434;3;Femme;85;3;1;Research Scientist;2;célibataire;2478;20938;1;Yes;12;3;2;80;4;2;2;4;3;1;2
32;Non;Voyage_rarement;588;Ventes;8;2;Diplome technique;436;3;Femme;65;2;2;Sales Executive;2;Marié;5228;24624;1;Yes;11;3;4;80;13;2;3;13;12;11;9
27;Non;Voyage_rarement;1377;Ventes;2;3;Sciences;437;4;Homme;74;3;2;Sales Executive;3;célibataire;4478;5242;1;Yes;11;3;1;80;5;3;3;5;4;0;4
31;Non;Voyage_rarement;691;Ventes;7;3;Marketing;438;4;Homme;73;3;2;Sales Executive;4;Divorcé;7547;7143;4;No;12;3;4;80;13;3;3;7;7;1;7
32;Non;Voyage_rarement;1018;R&D;2;4;Medecine;439;1;Femme;74;4;2;Research Scientist;4;célibataire;5055;10557;7;No;16;3;3;80;10;0;2;7;7;0;7
28;Oui;Voyage_rarement;1157;R&D;2;4;Medecine;440;1;Homme;84;1;1;Research Scientist;4;Marié;3464;24737;5;Yes;13;3;4;80;5;4;2;3;2;2;2
30;Non;Voyage_rarement;1275;R&D;28;2;Medecine;441;4;Femme;64;3;2;Research Scientist;4;Marié;5775;11934;1;No;13;3;4;80;11;2;3;10;8;1;9
31;Non;Voyage_fréquemment;798;R&D;7;2;Sciences;442;3;Femme;48;2;3;Manufacturing Director;3;Marié;8943;14034;1;No;24;4;1;80;10;2;3;10;9;8;9
39;Non;Voyage_fréquemment;672;R&D;7;2;Medecine;444;3;Homme;54;2;5;Manager;4;Marié;19272;21141;1;No;15;3;1;80;21;2;3;21;9;13;3
39;Oui;Voyage_rarement;1162;Ventes;3;2;Medecine;445;4;Femme;41;3;2;Sales Executive;3;Marié;5238;17778;4;Yes;18;3;1;80;12;3;2;1;0;0;0
33;Non;Voyage_fréquemment;508;Ventes;10;3;Marketing;446;2;Homme;46;2;2;Sales Executive;4;célibataire;4682;4317;3;No;14;3;3;80;9;6;2;7;7;0;1
47;Non;Voyage_rarement;1482;R&D;5;5;Sciences;447;4;Homme;42;3;5;Research Director;3;Marié;18300;16375;4;No;11;3;2;80;21;2;3;3;2;1;1
43;Non;Voyage_fréquemment;559;R&D;10;4;Sciences;448;3;Femme;82;2;2;Laboratory Technician;3;Divorcé;5257;6227;1;No;11;3;2;80;9;3;4;9;7;0;0
27;Non;Voyage-pas;210;Ventes;1;1;Marketing;449;3;Homme;73;3;2;Sales Executive;2;Marié;6349;22107;0;Yes;13;3;4;80;6;0;3;5;4;1;4
54;Non;Voyage_fréquemment;928;R&D;20;4;Sciences;450;4;Femme;31;3;2;Research Scientist;3;célibataire;4869;16885;3;No;12;3;4;80;20;4;2;4;3;0;3
43;Non;Voyage_rarement;1001;R&D;7;3;Sciences;451;3;Femme;43;3;3;Healthcare Representative;1;Marié;9985;9262;8;No;16;3;1;80;10;1;2;1;0;0;0
45;Non;Voyage_rarement;549;R&D;8;4;Autres;452;4;Homme;75;3;2;Research Scientist;4;Marié;3697;9278;9;No;14;3;1;80;12;3;3;10;9;9;8
40;Non;Voyage_rarement;1124;Ventes;1;2;Medecine;453;2;Homme;57;1;2;Sales Executive;4;Marié;7457;13273;2;Yes;22;4;3;80;6;2;2;4;3;0;2
29;Oui;Voyage_rarement;318;R&D;8;4;Autres;454;2;Homme;77;1;1;Laboratory Technician;1;Marié;2119;4759;1;Yes;11;3;4;80;7;4;2;7;7;0;7
29;Non;Voyage_rarement;738;R&D;9;5;Autres;455;2;Homme;30;2;1;Laboratory Technician;4;célibataire;3983;7621;0;No;17;3;3;80;4;2;3;3;2;2;2
30;Non;Voyage_rarement;570;Ventes;5;3;Marketing;456;4;Femme;30;2;2;Sales Executive;3;Divorcé;6118;5431;1;No;13;3;3;80;10;2;3;10;9;1;2
27;Non;Voyage_rarement;1130;Ventes;8;4;Marketing;458;2;Femme;56;3;2;Sales Executive;2;Marié;6214;3415;1;No;18;3;1;80;8;3;3;8;7;0;7
37;Non;Voyage_rarement;1192;R&D;5;2;Medecine;460;4;Homme;61;3;2;Manufacturing Director;4;Divorcé;6347;23177;7;No;16;3;3;80;8;2;2;6;2;0;4
38;Non;Voyage_rarement;343;R&D;15;2;Sciences;461;3;Homme;92;2;3;Research Director;4;Divorcé;11510;15682;0;Yes;14;3;2;80;12;3;3;11;10;2;9
31;Non;Voyage_rarement;1232;R&D;7;4;Medecine;462;3;Femme;39;3;3;Manufacturing Director;4;célibataire;7143;25713;1;Yes;14;3;3;80;11;2;2;11;9;4;10
29;Non;Voyage_rarement;144;Ventes;10;1;Marketing;463;4;Femme;39;2;2;Sales Executive;2;Divorcé;8268;11866;1;Yes;14;3;1;80;7;2;3;7;7;1;7
35;Non;Voyage_rarement;1296;R&D;5;4;Diplome technique;464;3;Homme;62;3;3;Manufacturing Director;2;célibataire;8095;18264;0;No;13;3;4;80;17;5;3;16;6;0;13
23;Non;Voyage_rarement;1309;R&D;26;1;Sciences;465;3;Homme;83;3;1;Research Scientist;4;Divorcé;2904;16092;1;No;12;3;3;80;4;2;2;4;2;0;2
41;Non;Voyage_rarement;483;R&D;6;3;Medecine;466;4;Homme;95;2;2;Manufacturing Director;2;célibataire;6032;10110;6;Yes;15;3;4;80;8;3;3;5;4;1;2
47;Non;Voyage_fréquemment;1309;Ventes;4;1;Medecine;467;2;Homme;99;3;2;Sales Representative;3;célibataire;2976;25751;3;No;19;3;1;80;5;3;3;0;0;0;0
42;Non;Voyage_rarement;810;R&D;23;5;Sciences;468;1;Femme;44;3;4;Research Director;4;célibataire;15992;15901;2;No;14;3;2;80;16;2;3;1;0;0;0
29;Non;Voyage-pas;746;Ventes;2;3;Sciences;469;4;Homme;61;3;2;Sales Executive;3;Marié;4649;16928;1;No;14;3;1;80;4;3;2;4;3;0;2
42;Non;Voyage_rarement;544;RH;2;1;Diplome technique;470;3;Homme;52;3;1;Human Resources;3;Divorcé;2696;24017;0;Yes;11;3;3;80;4;5;3;3;2;1;0
32;Non;Voyage_rarement;1062;R&D;2;3;Medecine;471;3;Femme;75;3;1;Laboratory Technician;2;Marié;2370;3956;1;No;13;3;3;80;8;4;3;8;0;0;7
48;Non;Voyage_rarement;530;Ventes;29;1;Medecine;473;1;Femme;91;3;3;Manager;3;Marié;12504;23978;3;No;21;4;2;80;15;3;1;0;0;0;0
37;Non;Voyage_rarement;1319;R&D;6;3;Medecine;474;3;Homme;51;4;2;Research Scientist;1;Divorcé;5974;17001;4;Yes;13;3;1;80;13;2;3;7;7;6;7
30;Non;Voyage-pas;641;Ventes;25;2;Diplome technique;475;4;Femme;85;3;2;Sales Executive;3;Marié;4736;6069;7;Yes;12;3;2;80;4;2;4;2;2;2;2
26;Non;Voyage_rarement;933;Ventes;1;3;Sciences;476;3;Homme;57;3;2;Sales Executive;3;Marié;5296;20156;1;No;17;3;2;80;8;3;3;8;7;7;7
42;Non;Voyage_rarement;1332;R&D;2;4;Autres;477;1;Homme;98;2;2;Healthcare Representative;4;célibataire;6781;17078;3;No;23;4;2;80;14;6;3;1;0;0;0
21;Oui;Voyage_fréquemment;756;Ventes;1;1;Diplome technique;478;1;Femme;99;2;1;Sales Representative;2;célibataire;2174;9150;1;Yes;11;3;3;80;3;3;3;3;2;1;2
36;Non;Voyage-pas;845;Ventes;1;5;Medecine;479;4;Femme;45;3;2;Sales Executive;4;célibataire;6653;15276;4;No;15;3;2;80;7;6;3;1;0;0;0
36;Non;Voyage_fréquemment;541;Ventes;3;4;Medecine;481;1;Homme;48;2;3;Sales Executive;4;Marié;9699;7246;4;No;11;3;1;80;16;2;3;13;9;1;12
57;Non;Voyage_rarement;593;R&D;1;4;Medecine;482;4;Homme;88;3;2;Healthcare Representative;3;Marié;6755;2967;2;No;11;3;3;80;15;2;3;3;2;1;2
40;Non;Voyage_rarement;1171;R&D;10;4;Sciences;483;4;Femme;46;4;1;Laboratory Technician;3;Marié;2213;22495;3;Yes;13;3;3;80;10;3;3;7;7;1;7
21;Non;Voyage-pas;895;Ventes;9;2;Medecine;484;1;Homme;39;3;1;Sales Representative;4;célibataire;2610;2851;1;No;24;4;3;80;3;3;2;3;2;2;2
33;Oui;Voyage_rarement;350;Ventes;5;3;Marketing;485;4;Femme;34;3;1;Sales Representative;3;célibataire;2851;9150;1;Yes;13;3;2;80;1;2;3;1;0;0;0
37;Non;Voyage_rarement;921;R&D;10;3;Medecine;486;3;Femme;98;3;1;Laboratory Technician;1;Marié;3452;17663;6;No;20;4;2;80;17;3;3;5;4;0;3
46;Non;Voyage-pas;1144;R&D;7;4;Medecine;487;3;Femme;30;3;2;Manufacturing Director;3;Marié;5258;16044;2;No;14;3;3;80;7;2;4;1;0;0;0
41;Oui;Voyage_fréquemment;143;Ventes;4;3;Marketing;488;1;Homme;56;3;2;Sales Executive;2;célibataire;9355;9558;1;No;18;3;3;80;8;5;3;8;7;7;7
50;Non;Voyage_rarement;1046;R&D;10;3;Diplome technique;491;4;Homme;100;2;3;Healthcare Representative;4;célibataire;10496;2755;6;No;15;3;4;80;20;2;3;4;3;1;3
40;Oui;Voyage_rarement;575;Ventes;22;2;Marketing;492;3;Homme;68;2;2;Sales Executive;3;Marié;6380;6110;2;Yes;12;3;1;80;8;6;3;6;4;1;0
31;Non;Voyage_rarement;408;R&D;9;4;Sciences;493;3;Homme;42;2;1;Research Scientist;2;célibataire;2657;7551;0;Yes;16;3;4;80;3;5;3;2;2;2;2
21;Oui;Voyage_rarement;156;Ventes;12;3;Sciences;494;3;Femme;90;4;1;Sales Representative;2;célibataire;2716;25422;1;No;15;3;4;80;1;0;3;1;0;0;0
29;Non;Voyage_rarement;1283;R&D;23;3;Sciences;495;4;Homme;54;3;1;Research Scientist;4;célibataire;2201;18168;9;No;16;3;4;80;6;4;3;3;2;1;2
35;Non;Voyage_rarement;755;R&D;9;4;Sciences;496;3;Homme;97;2;2;Healthcare Representative;2;célibataire;6540;19394;9;No;19;3;3;80;10;5;3;1;1;0;0
27;Non;Voyage_rarement;1469;R&D;1;2;Medecine;497;4;Homme;82;3;1;Laboratory Technician;2;Divorcé;3816;17881;1;No;11;3;2;80;5;2;3;5;2;0;4
28;Non;Voyage_rarement;304;Ventes;9;4;Sciences;498;2;Homme;92;3;2;Sales Executive;4;célibataire;5253;20750;1;No;16;3;4;80;7;1;3;7;5;0;7
49;Non;Voyage_rarement;1261;R&D;7;3;Autres;499;2;Homme;31;2;3;Healthcare Representative;3;célibataire;10965;12066;8;No;24;4;3;80;26;2;3;5;2;0;0
51;Non;Voyage_rarement;1178;Ventes;14;2;Sciences;500;3;Femme;87;3;2;Sales Executive;4;Marié;4936;14862;4;No;11;3;3;80;18;2;2;7;7;0;7
36;Non;Voyage_rarement;329;R&D;2;3;Sciences;501;4;Femme;96;3;1;Research Scientist;3;Marié;2543;11868;4;No;13;3;2;80;6;3;3;2;2;2;2
34;Oui;Voyage-pas;1362;Ventes;19;3;Marketing;502;1;Homme;67;4;2;Sales Executive;4;célibataire;5304;4652;8;Yes;13;3;2;80;9;3;2;5;2;0;4
55;Non;Voyage_rarement;1311;R&D;2;3;Sciences;505;3;Femme;97;3;4;Manager;4;célibataire;16659;23258;2;Yes;13;3;3;80;30;2;3;5;4;1;2
24;Non;Voyage_rarement;1371;Ventes;10;4;Marketing;507;4;Femme;77;3;2;Sales Executive;3;Divorcé;4260;5915;1;Yes;12;3;4;80;5;2;4;5;2;0;3
30;Non;Voyage_rarement;202;Ventes;2;1;Diplome technique;508;3;Homme;72;3;1;Sales Representative;2;Marié;2476;17434;1;No;18;3;1;80;1;3;3;1;0;0;0
26;Oui;Voyage_fréquemment;575;R&D;3;1;Diplome technique;510;3;Homme;73;3;1;Research Scientist;1;célibataire;3102;6582;0;No;22;4;3;80;7;2;3;6;4;0;4
22;Non;Voyage_rarement;253;R&D;11;3;Medecine;511;1;Femme;43;3;1;Research Scientist;2;Marié;2244;24440;1;No;13;3;4;80;2;1;3;2;1;1;2
36;Non;Voyage_rarement;164;Ventes;2;2;Medecine;513;2;Homme;61;2;3;Sales Executive;3;Marié;7596;3809;1;No;13;3;2;80;10;2;3;10;9;9;0
30;Oui;Voyage_fréquemment;464;R&D;4;3;Diplome technique;514;3;Homme;40;3;1;Research Scientist;4;célibataire;2285;3427;9;Yes;23;4;3;80;3;4;3;1;0;0;0
37;Non;Voyage_rarement;1107;R&D;14;3;Sciences;515;4;Femme;95;3;1;Laboratory Technician;1;Divorcé;3034;26914;1;No;12;3;3;80;18;2;2;18;7;12;17
40;Non;Voyage_rarement;759;Ventes;2;2;Marketing;516;4;Femme;46;3;2;Sales Executive;2;Divorcé;5715;22553;7;No;12;3;3;80;8;5;3;5;4;1;3
42;Non;Voyage_rarement;201;R&D;1;4;Sciences;517;2;Femme;95;3;1;Laboratory Technician;1;Divorcé;2576;20490;3;No;16;3;2;80;8;5;3;5;2;1;2
37;Non;Voyage_rarement;1305;R&D;10;4;Sciences;518;3;Homme;49;3;2;Manufacturing Director;2;célibataire;4197;21123;2;Yes;12;3;4;80;18;2;2;1;0;0;1
43;Non;Voyage_rarement;982;R&D;12;3;Sciences;520;1;Homme;59;2;4;Research Director;2;Divorcé;14336;4345;1;No;11;3;3;80;25;3;3;25;10;3;9
40;Non;Voyage_rarement;555;R&D;2;3;Medecine;521;2;Femme;78;2;2;Laboratory Technician;3;Marié;3448;13436;6;No;22;4;2;80;20;3;3;1;0;0;0
54;Non;Voyage_rarement;821;R&D;5;2;Medecine;522;1;Homme;86;3;5;Research Director;1;Marié;19406;8509;4;No;11;3;3;80;24;4;2;4;2;1;2
34;Non;Voyage-pas;1381;Ventes;4;4;Marketing;523;3;Femme;72;3;2;Sales Executive;3;Marié;6538;12740;9;No;15;3;1;80;6;3;3;3;2;1;2
31;Non;Voyage_rarement;480;R&D;7;2;Medecine;524;2;Femme;31;3;2;Manufacturing Director;1;Marié;4306;4156;1;No;12;3;2;80;13;5;1;13;10;3;12
43;Non;Voyage_fréquemment;313;R&D;21;3;Medecine;525;4;Homme;61;3;1;Laboratory Technician;4;Marié;2258;15238;7;No;20;4;1;80;8;1;3;3;2;1;2
43;Non;Voyage_rarement;1473;R&D;8;4;Autres;526;3;Femme;74;3;2;Healthcare Representative;3;Divorcé;4522;2227;4;Yes;14;3;4;80;8;3;3;5;2;0;2
25;Non;Voyage_rarement;891;Ventes;4;2;Sciences;527;2;Femme;99;2;2;Sales Executive;4;célibataire;4487;12090;1;Yes;11;3;2;80;5;3;3;5;4;1;3
37;Non;Voyage-pas;1063;R&D;25;5;Medecine;529;2;Femme;72;3;2;Research Scientist;3;Marié;4449;23866;3;Yes;15;3;1;80;15;2;3;13;11;10;7
31;Non;Voyage_rarement;329;R&D;1;2;Sciences;530;4;Homme;98;2;1;Laboratory Technician;1;Marié;2218;16193;1;No;12;3;3;80;4;3;3;4;2;3;2
39;Non;Voyage_fréquemment;1218;R&D;1;1;Sciences;531;2;Homme;52;3;5;Manager;3;Divorcé;19197;8213;1;Yes;14;3;3;80;21;3;3;21;8;1;6
56;Non;Voyage_fréquemment;906;Ventes;6;3;Sciences;532;3;Femme;86;4;4;Sales Executive;1;Marié;13212;18256;9;No;11;3;4;80;36;0;2;7;7;7;7
30;Non;Voyage_rarement;1082;Ventes;12;3;Diplome technique;533;2;Femme;83;3;2;Sales Executive;3;célibataire;6577;19558;0;No;11;3;2;80;6;6;3;5;4;4;4
41;Non;Voyage_rarement;645;Ventes;1;3;Marketing;534;2;Homme;49;4;3;Sales Executive;1;Marié;8392;19566;1;No;16;3;3;80;10;2;3;10;7;0;7
28;Non;Voyage_rarement;1300;R&D;17;2;Medecine;536;3;Homme;79;3;2;Laboratory Technician;1;Divorcé;4558;13535;1;No;12;3;4;80;10;2;3;10;0;1;8
25;Oui;Voyage_rarement;688;R&D;3;3;Medecine;538;1;Homme;91;3;1;Laboratory Technician;1;Marié;4031;9396;5;No;13;3;3;80;6;5;3;2;2;0;2
52;Non;Voyage_rarement;319;R&D;3;3;Medecine;543;4;Homme;39;2;3;Manufacturing Director;3;Marié;7969;19609;2;Yes;14;3;3;80;28;4;3;5;4;0;4
45;Non;Voyage_rarement;192;R&D;10;2;Sciences;544;1;Homme;69;3;1;Research Scientist;4;Marié;2654;9655;3;No;21;4;4;80;8;3;2;2;2;0;2
52;Non;Voyage_rarement;1490;R&D;4;2;Sciences;546;4;Femme;30;3;4;Manager;4;Marié;16555;10310;2;No;13;3;4;80;31;2;1;5;2;1;4
42;Non;Voyage_fréquemment;532;R&D;29;2;Sciences;547;1;Femme;92;3;2;Research Scientist;3;Divorcé;4556;12932;2;No;11;3;2;80;19;3;3;5;4;0;2
30;Non;Voyage_rarement;317;R&D;2;3;Sciences;548;3;Femme;43;1;2;Manufacturing Director;4;célibataire;6091;24793;2;No;20;4;3;80;11;2;3;5;4;0;2
60;Non;Voyage_rarement;422;R&D;7;3;Sciences;549;1;Femme;41;3;5;Manager;1;Marié;19566;3854;5;No;11;3;4;80;33;5;1;29;8;11;10
46;Non;Voyage_rarement;1485;R&D;18;3;Medecine;550;3;Femme;87;3;2;Manufacturing Director;3;Divorcé;4810;26314;2;No;14;3;3;80;19;5;2;10;7;0;8
42;Non;Voyage_fréquemment;1368;R&D;28;4;Diplome technique;551;4;Femme;88;2;2;Healthcare Representative;4;Marié;4523;4386;0;No;11;3;4;80;7;4;4;6;5;0;4
24;Oui;Voyage_rarement;1448;Ventes;1;1;Diplome technique;554;1;Femme;62;3;1;Sales Representative;2;célibataire;3202;21972;1;Yes;16;3;2;80;6;4;3;5;3;1;4
34;Oui;Voyage_fréquemment;296;Ventes;6;2;Marketing;555;4;Femme;33;1;1;Sales Representative;3;Divorcé;2351;12253;0;No;16;3;4;80;3;3;2;2;2;1;0
38;Non;Voyage_fréquemment;1490;R&D;2;2;Sciences;556;4;Homme;42;3;1;Laboratory Technician;4;Marié;1702;12106;1;Yes;23;4;3;80;1;3;3;1;0;0;0
40;Non;Voyage_rarement;1398;Ventes;2;4;Sciences;558;3;Femme;79;3;5;Manager;3;Marié;18041;13022;0;No;14;3;4;80;21;2;3;20;15;1;12
26;Non;Voyage_rarement;1349;R&D;23;3;Sciences;560;1;Femme;90;3;1;Research Scientist;4;Divorcé;2886;3032;1;No;22;4;2;80;3;3;1;3;2;0;2
30;Non;Voyage-pas;1400;R&D;3;3;Sciences;562;3;Homme;53;3;1;Laboratory Technician;4;Marié;2097;16734;4;No;15;3;3;80;9;3;1;5;3;1;4
29;Non;Voyage_rarement;986;R&D;3;4;Medecine;564;2;Homme;93;2;3;Research Director;3;Marié;11935;21526;1;No;18;3;3;80;10;2;3;10;2;0;7
29;Oui;Voyage_rarement;408;R&D;25;5;Diplome technique;565;3;Femme;71;2;1;Research Scientist;2;Marié;2546;18300;5;No;16;3;2;80;6;2;4;2;2;1;1
19;Oui;Voyage_rarement;489;RH;2;2;Diplome technique;566;1;Homme;52;2;1;Human Resources;4;célibataire;2564;18437;1;No;12;3;3;80;1;3;4;1;0;0;0
30;Non;Voyage-pas;1398;Ventes;22;4;Autres;567;3;Femme;69;3;3;Sales Executive;1;Marié;8412;2890;0;No;11;3;3;80;10;3;3;9;8;7;8
57;Non;Voyage_rarement;210;Ventes;29;3;Marketing;568;1;Homme;56;2;4;Manager;4;Divorcé;14118;22102;3;No;12;3;3;80;32;3;2;1;0;0;0
50;Non;Voyage_rarement;1099;R&D;29;4;Sciences;569;2;Homme;88;2;4;Manager;3;Marié;17046;9314;0;No;15;3;2;80;28;2;3;27;10;15;7
30;Non;Voyage-pas;1116;R&D;2;3;Medecine;571;3;Femme;49;3;1;Laboratory Technician;4;célibataire;2564;7181;0;No;14;3;3;80;12;2;2;11;7;6;7
60;Non;Voyage_fréquemment;1499;Ventes;28;3;Marketing;573;3;Femme;80;2;3;Sales Executive;1;Marié;10266;2845;4;No;19;3;4;80;22;5;4;18;13;13;11
47;Non;Voyage_rarement;983;R&D;2;2;Medecine;574;1;Femme;65;3;2;Manufacturing Director;4;Divorcé;5070;7389;5;No;13;3;3;80;20;2;3;5;0;0;4
46;Non;Voyage_rarement;1009;R&D;2;3;Sciences;575;1;Homme;51;3;4;Research Director;3;Marié;17861;2288;6;No;13;3;3;80;26;2;1;3;2;0;1
35;Non;Voyage_rarement;144;R&D;22;3;Sciences;577;4;Homme;46;1;1;Laboratory Technician;3;célibataire;4230;19225;0;No;15;3;3;80;6;2;3;5;4;4;3
54;Non;Voyage_rarement;548;R&D;8;4;Sciences;578;3;Femme;42;3;2;Laboratory Technician;3;célibataire;3780;23428;7;No;11;3;3;80;19;3;3;1;0;0;0
34;Non;Voyage_rarement;1303;R&D;2;4;Sciences;579;4;Homme;62;2;1;Research Scientist;3;Divorcé;2768;8416;3;No;12;3;3;80;14;3;3;7;3;5;7
46;Non;Voyage_rarement;1125;Ventes;10;3;Marketing;580;3;Femme;94;2;3;Sales Executive;4;Marié;9071;11563;2;Yes;19;3;3;80;15;3;3;3;2;1;2
31;Non;Voyage_rarement;1274;R&D;9;1;Sciences;581;3;Homme;33;3;3;Manufacturing Director;2;Divorcé;10648;14394;1;No;25;4;4;80;13;6;4;13;8;0;8
33;Oui;Voyage_rarement;1277;R&D;15;1;Medecine;582;2;Homme;56;3;3;Manager;3;Marié;13610;24619;7;Yes;12;3;4;80;15;2;4;7;6;7;7
33;Oui;Voyage_rarement;587;R&D;10;1;Medecine;584;1;Homme;38;1;1;Laboratory Technician;4;Divorcé;3408;6705;7;No;13;3;1;80;8;2;3;4;3;1;3
30;Non;Voyage_rarement;413;Ventes;7;1;Marketing;585;4;Homme;57;3;1;Sales Representative;2;célibataire;2983;18398;0;No;14;3;1;80;4;3;3;3;2;1;2
35;Non;Voyage_rarement;1276;R&D;16;3;Sciences;586;4;Homme;72;3;3;Healthcare Representative;3;Marié;7632;14295;4;Yes;12;3;3;80;10;2;3;8;7;0;0
31;Oui;Voyage_fréquemment;534;R&D;20;3;Sciences;587;1;Homme;66;3;3;Healthcare Representative;3;Marié;9824;22908;3;No;12;3;1;80;12;2;3;1;0;0;0
34;Oui;Voyage_fréquemment;988;RH;23;3;RH;590;2;Femme;43;3;3;Human Resources;1;Divorcé;9950;11533;9;Yes;15;3;3;80;11;2;3;3;2;0;2
42;Non;Voyage_fréquemment;1474;R&D;5;2;Autres;591;2;Homme;97;3;1;Laboratory Technician;3;Marié;2093;9260;4;No;17;3;4;80;8;4;3;2;2;2;0
36;Non;Voyage-pas;635;Ventes;10;4;Medecine;592;2;Homme;32;3;3;Sales Executive;4;célibataire;9980;15318;1;No;14;3;4;80;10;3;2;10;3;9;7
22;Oui;Voyage_fréquemment;1368;R&D;4;1;Diplome technique;593;3;Homme;99;2;1;Laboratory Technician;3;célibataire;3894;9129;5;No;16;3;3;80;4;3;3;2;2;1;2
48;Non;Voyage_rarement;163;Ventes;2;5;Marketing;595;2;Femme;37;3;2;Sales Executive;4;Marié;4051;19658;2;No;14;3;1;80;14;2;3;9;7;6;7
55;Non;Voyage_rarement;1117;Ventes;18;5;Sciences;597;1;Femme;83;3;4;Manager;2;célibataire;16835;9873;3;No;23;4;4;80;37;2;3;10;9;7;7
41;Non;Voyage-pas;267;Ventes;10;2;Sciences;599;4;Homme;56;3;2;Sales Executive;4;célibataire;6230;13430;7;No;14;3;4;80;16;3;3;14;3;1;10
35;Non;Voyage_rarement;619;Ventes;1;3;Marketing;600;2;Homme;85;3;2;Sales Executive;3;Marié;4717;18659;9;No;11;3;3;80;15;2;3;11;9;6;9
40;Non;Voyage_rarement;302;R&D;6;3;Sciences;601;2;Femme;75;3;4;Manufacturing Director;3;célibataire;13237;20364;7;No;15;3;3;80;22;3;3;20;6;5;13
39;Non;Voyage_fréquemment;443;R&D;8;1;Sciences;602;3;Femme;48;3;1;Laboratory Technician;3;Marié;3755;17872;1;No;11;3;1;80;8;3;3;8;3;0;7
31;Non;Voyage_rarement;828;Ventes;2;1;Sciences;604;2;Homme;77;3;2;Sales Executive;4;célibataire;6582;8346;4;Yes;13;3;3;80;10;2;4;6;5;0;5
42;Non;Voyage_rarement;319;R&D;24;3;Medecine;605;4;Homme;56;3;3;Manufacturing Director;1;Marié;7406;6950;1;Yes;21;4;4;80;10;5;2;10;9;5;8
45;Non;Voyage_rarement;561;Ventes;2;3;Autres;606;4;Homme;61;3;2;Sales Executive;2;Marié;4805;16177;0;No;19;3;2;80;9;3;4;8;7;3;7
26;Oui;Voyage_fréquemment;426;RH;17;4;Sciences;608;2;Femme;58;3;1;Human Resources;3;Divorcé;2741;22808;0;Yes;11;3;2;80;8;2;2;7;7;1;0
29;Non;Voyage_rarement;232;R&D;19;3;Diplome technique;611;4;Homme;34;3;2;Manufacturing Director;4;Divorcé;4262;22645;4;No;12;3;2;80;8;2;4;3;2;1;2
33;Non;Voyage_rarement;922;R&D;1;5;Medecine;612;1;Femme;95;4;4;Research Director;3;Divorcé;16184;22578;4;No;19;3;3;80;10;2;3;6;1;0;5
31;Non;Voyage_rarement;688;Ventes;7;3;Sciences;613;3;Homme;44;2;3;Manager;4;Divorcé;11557;25291;9;No;21;4;3;80;10;3;2;5;4;0;1
18;Oui;Voyage_fréquemment;1306;Ventes;5;3;Marketing;614;2;Homme;69;3;1;Sales Representative;2;célibataire;1878;8059;1;Yes;14;3;4;80;0;3;3;0;0;0;0
40;Non;Voyage-pas;1094;Ventes;28;3;Autres;615;3;Homme;58;1;3;Sales Executive;1;Divorcé;10932;11373;3;No;15;3;3;80;20;2;3;1;0;0;1
41;Non;Voyage-pas;509;R&D;2;4;Autres;616;1;Femme;62;2;2;Healthcare Representative;3;célibataire;6811;2112;2;Yes;17;3;1;80;10;3;3;8;7;0;7
26;Non;Voyage_rarement;775;Ventes;29;2;Medecine;618;1;Homme;45;3;2;Sales Executive;3;Divorcé;4306;4267;5;No;12;3;1;80;8;5;3;0;0;0;0
35;Non;Voyage_rarement;195;Ventes;1;3;Medecine;620;1;Femme;80;3;2;Sales Executive;3;célibataire;4859;6698;1;No;16;3;4;80;5;3;3;5;4;0;3
34;Non;Voyage_rarement;258;Ventes;21;4;Sciences;621;4;Homme;74;4;2;Sales Executive;4;célibataire;5337;19921;1;No;12;3;4;80;10;3;3;10;7;5;7
26;Oui;Voyage_rarement;471;R&D;24;3;Diplome technique;622;3;Homme;66;1;1;Laboratory Technician;4;célibataire;2340;23213;1;Yes;18;3;2;80;1;3;1;1;0;0;0
37;Non;Voyage_rarement;799;R&D;1;3;Diplome technique;623;2;Femme;59;3;3;Manufacturing Director;4;célibataire;7491;23848;4;No;17;3;4;80;12;3;4;6;5;1;2
46;Non;Voyage_fréquemment;1034;R&D;18;1;Medecine;624;1;Femme;86;3;3;Healthcare Representative;3;Marié;10527;8984;5;No;11;3;4;80;28;3;2;2;2;1;2
41;Non;Voyage_rarement;1276;Ventes;2;5;Sciences;625;2;Femme;91;3;4;Manager;1;Marié;16595;5626;7;No;16;3;2;80;22;2;3;18;16;11;8
37;Non;Voyage-pas;142;Ventes;9;4;Medecine;626;1;Homme;69;3;3;Sales Executive;2;Divorcé;8834;24666;1;No;13;3;4;80;9;6;3;9;5;7;7
52;Non;Voyage_rarement;956;R&D;6;2;Diplome technique;630;4;Homme;78;3;2;Research Scientist;1;Divorcé;5577;22087;3;Yes;12;3;2;80;18;3;3;10;9;6;9
32;Oui;Voyage-pas;1474;Ventes;11;4;Autres;631;4;Homme;60;4;2;Sales Executive;3;Marié;4707;23914;8;No;12;3;4;80;6;2;3;4;2;1;2
24;Non;Voyage_fréquemment;535;Ventes;24;3;Medecine;632;4;Homme;38;3;1;Sales Representative;4;Marié;2400;5530;0;No;13;3;3;80;3;3;3;2;2;2;1
38;Non;Voyage_rarement;1495;R&D;10;3;Medecine;634;3;Femme;76;3;2;Healthcare Representative;3;Marié;9824;22174;3;No;19;3;3;80;18;4;3;1;0;0;0
37;Non;Voyage_rarement;446;R&D;1;4;Sciences;635;2;Femme;65;3;2;Manufacturing Director;2;Marié;6447;15701;6;No;12;3;2;80;8;2;2;6;5;4;3
49;Non;Voyage_rarement;1245;R&D;18;4;Sciences;638;4;Homme;58;2;5;Research Director;3;Divorcé;19502;2125;1;Yes;17;3;3;80;31;5;3;31;9;0;9
24;Non;Voyage_rarement;691;R&D;23;3;Medecine;639;2;Homme;89;4;1;Research Scientist;4;Marié;2725;21630;1;Yes;11;3;2;80;6;3;3;6;5;1;4
26;Non;Voyage_rarement;703;Ventes;28;2;Marketing;641;1;Homme;66;3;2;Sales Executive;2;Marié;6272;7428;1;No;20;4;4;80;6;5;4;5;3;1;4
24;Non;Voyage_rarement;823;R&D;17;2;Autres;643;4;Homme;94;2;1;Laboratory Technician;2;Marié;2127;9100;1;No;21;4;4;80;1;2;3;1;0;0;0
50;Non;Voyage_fréquemment;1246;RH;3;3;Medecine;644;1;Homme;99;3;5;Manager;2;Marié;18200;7999;1;No;11;3;3;80;32;2;3;32;5;10;7
25;Non;Voyage_rarement;622;Ventes;13;1;Medecine;645;2;Homme;40;3;1;Sales Representative;3;Marié;2096;26376;1;No;11;3;3;80;7;1;3;7;4;0;6
24;Oui;Voyage_fréquemment;1287;R&D;7;3;Sciences;647;1;Femme;55;3;1;Laboratory Technician;3;Marié;2886;14168;1;Yes;16;3;4;80;6;4;3;6;3;1;2
30;Oui;Voyage_fréquemment;448;Ventes;12;4;Sciences;648;2;Homme;74;2;1;Sales Representative;1;Marié;2033;14470;1;No;18;3;3;80;1;2;4;1;0;0;0
34;Non;Voyage_rarement;254;R&D;1;2;Sciences;649;2;Homme;83;2;1;Research Scientist;4;Marié;3622;22794;1;Yes;13;3;4;80;6;3;3;6;5;1;3
31;Oui;Voyage_rarement;1365;Ventes;13;4;Medecine;650;2;Homme;46;3;2;Sales Executive;1;Divorcé;4233;11512;2;No;17;3;3;80;9;2;1;3;1;1;2
35;Non;Voyage_rarement;538;R&D;25;2;Autres;652;1;Homme;54;2;2;Laboratory Technician;4;célibataire;3681;14004;4;No;14;3;4;80;9;3;3;3;2;0;2
31;Non;Voyage_rarement;525;Ventes;6;4;Medecine;653;1;Homme;66;4;2;Sales Executive;4;Divorcé;5460;6219;4;No;22;4;4;80;13;4;4;7;7;5;7
27;Non;Voyage_rarement;798;R&D;6;4;Medecine;655;1;Femme;66;2;1;Research Scientist;3;Divorcé;2187;5013;0;No;12;3;3;80;6;5;2;5;3;0;3
37;Non;Voyage_rarement;558;Ventes;2;3;Marketing;656;4;Homme;75;3;2;Sales Executive;3;Marié;9602;3010;4;Yes;11;3;3;80;17;3;2;3;0;1;0
20;Non;Voyage_rarement;959;R&D;1;3;Sciences;657;4;Femme;83;2;1;Research Scientist;2;célibataire;2836;11757;1;No;13;3;4;80;1;0;4;1;0;0;0
42;Non;Voyage_rarement;622;R&D;2;4;Sciences;659;3;Femme;81;3;2;Healthcare Representative;4;Marié;4089;5718;1;No;13;3;2;80;10;4;3;10;2;2;2
43;Non;Voyage_rarement;782;R&D;6;4;Autres;661;2;Homme;50;2;4;Research Director;4;Divorcé;16627;2671;4;Yes;14;3;3;80;21;3;2;1;0;0;0
38;Non;Voyage_rarement;362;R&D;1;1;Sciences;662;3;Femme;43;3;1;Research Scientist;1;célibataire;2619;14561;3;No;17;3;4;80;8;3;2;0;0;0;0
43;Non;Voyage_fréquemment;1001;R&D;9;5;Medecine;663;4;Homme;72;3;2;Laboratory Technician;3;Divorcé;5679;19627;3;Yes;13;3;2;80;10;3;3;8;7;4;7
48;Non;Voyage_rarement;1236;R&D;1;4;Sciences;664;4;Femme;40;2;4;Manager;1;Marié;15402;17997;7;No;11;3;1;80;21;3;1;3;2;0;2
44;Non;Voyage_rarement;1112;RH;1;4;Sciences;665;1;Femme;50;2;2;Human Resources;3;célibataire;5985;26894;4;No;11;3;2;80;10;1;4;2;2;0;2
34;Non;Voyage_rarement;204;Ventes;14;3;Diplome technique;666;3;Femme;31;3;1;Sales Representative;3;Divorcé;2579;2912;1;Yes;18;3;4;80;8;3;3;8;2;0;6
27;Oui;Voyage_rarement;1420;Ventes;2;1;Marketing;667;3;Homme;85;3;1;Sales Representative;1;Divorcé;3041;16346;0;No;11;3;2;80;5;3;3;4;3;0;2
21;Non;Voyage_rarement;1343;Ventes;22;1;Diplome technique;669;3;Homme;49;3;1;Sales Representative;3;célibataire;3447;24444;1;No;11;3;3;80;3;2;3;3;2;1;2
44;Non;Voyage_rarement;1315;R&D;3;4;Autres;671;4;Homme;35;3;5;Manager;4;Marié;19513;9358;4;Yes;12;3;1;80;26;2;4;2;2;0;1
22;Non;Voyage_rarement;604;R&D;6;1;Medecine;675;1;Homme;69;3;1;Research Scientist;3;Marié;2773;12145;0;No;20;4;4;80;3;3;3;2;2;2;2
33;Non;Voyage_rarement;1216;Ventes;8;4;Marketing;677;3;Homme;39;3;2;Sales Executive;3;Divorcé;7104;20431;0;No;12;3;4;80;6;3;3;5;0;1;2
32;Non;Voyage_rarement;646;R&D;9;4;Sciences;679;1;Femme;92;3;2;Research Scientist;4;Marié;6322;18089;1;Yes;12;3;4;80;6;2;2;6;4;0;5
30;Non;Voyage_fréquemment;160;R&D;3;3;Medecine;680;3;Femme;71;3;1;Research Scientist;3;Divorcé;2083;22653;1;No;20;4;3;80;1;2;3;1;0;0;0
53;Non;Voyage_rarement;238;Ventes;1;1;Medecine;682;4;Femme;34;3;2;Sales Executive;1;célibataire;8381;7507;7;No;20;4;4;80;18;2;4;14;7;8;10
34;Non;Voyage_rarement;1397;R&D;1;5;Sciences;683;2;Homme;42;3;1;Research Scientist;4;Marié;2691;7660;1;No;12;3;4;80;10;4;2;10;9;8;8
45;Oui;Voyage_fréquemment;306;Ventes;26;4;Sciences;684;1;Femme;100;3;2;Sales Executive;1;Marié;4286;5630;2;No;14;3;4;80;5;4;3;1;1;0;0
26;Non;Voyage_rarement;991;R&D;6;3;Sciences;686;3;Femme;71;3;1;Laboratory Technician;4;Marié;2659;17759;1;Yes;13;3;3;80;3;2;3;3;2;0;2
37;Non;Voyage_rarement;482;R&D;3;3;Autres;689;3;Homme;36;3;3;Manufacturing Director;3;Marié;9434;9606;1;No;15;3;3;80;10;2;3;10;7;7;8
29;Non;Voyage_rarement;1176;Ventes;3;2;Medecine;690;2;Femme;62;3;2;Sales Executive;3;Marié;5561;3487;1;No;14;3;1;80;6;5;2;6;0;1;2
35;Non;Voyage_rarement;1017;R&D;6;4;Sciences;691;2;Homme;82;1;2;Research Scientist;4;célibataire;6646;19368;1;No;13;3;2;80;17;3;3;17;11;11;8
33;Non;Voyage_fréquemment;1296;R&D;6;3;Sciences;692;3;Homme;30;3;2;Healthcare Representative;4;Divorcé;7725;5335;3;No;23;4;3;80;15;2;1;13;11;4;7
54;Non;Voyage_rarement;397;RH;19;4;Medecine;698;3;Homme;88;3;3;Human Resources;2;Marié;10725;6729;2;No;15;3;3;80;16;1;4;9;7;7;1
36;Non;Voyage_rarement;913;R&D;9;2;Medecine;699;2;Homme;48;2;2;Manufacturing Director;2;Divorcé;8847;13934;2;Yes;11;3;3;80;13;2;3;3;2;0;2
27;Non;Voyage_rarement;1115;R&D;3;4;Medecine;700;1;Homme;54;2;1;Research Scientist;4;célibataire;2045;15174;0;No;13;3;4;80;5;0;3;4;2;1;1
20;Oui;Voyage_rarement;1362;R&D;10;1;Medecine;701;4;Homme;32;3;1;Research Scientist;3;célibataire;1009;26999;1;Yes;11;3;4;80;1;5;3;1;0;1;1
33;Oui;Voyage_fréquemment;1076;R&D;3;3;Sciences;702;1;Homme;70;3;1;Research Scientist;1;célibataire;3348;3164;1;Yes;11;3;1;80;10;3;3;10;8;9;7
35;Non;Voyage-pas;727;R&D;3;3;Sciences;704;3;Homme;41;2;1;Laboratory Technician;3;Marié;1281;16900;1;No;18;3;3;80;1;3;3;1;0;0;0
23;Non;Voyage_rarement;885;R&D;4;3;Medecine;705;1;Homme;58;4;1;Research Scientist;1;Marié;2819;8544;2;No;16;3;1;80;5;3;4;3;2;0;2
25;Non;Voyage_rarement;810;Ventes;8;3;Sciences;707;4;Homme;57;4;2;Sales Executive;2;Marié;4851;15678;0;No;22;4;3;80;4;4;3;3;2;1;2
38;Non;Voyage_rarement;243;Ventes;7;4;Marketing;709;4;Femme;46;2;2;Sales Executive;4;célibataire;4028;7791;0;No;20;4;1;80;8;2;3;7;7;0;5
29;Non;Voyage_fréquemment;806;R&D;1;4;Sciences;710;2;Homme;76;1;1;Research Scientist;4;Divorcé;2720;18959;1;No;18;3;4;80;10;5;3;10;7;2;8
48;Non;Voyage_rarement;817;Ventes;2;1;Marketing;712;2;Homme;56;4;2;Sales Executive;2;Marié;8120;18597;3;No;12;3;4;80;12;3;3;2;2;2;2
27;Non;Voyage_fréquemment;1410;Ventes;3;1;Medecine;714;4;Femme;71;4;2;Sales Executive;4;Divorcé;4647;16673;1;Yes;20;4;2;80;6;3;3;6;5;0;4
37;Non;Voyage_rarement;1225;R&D;10;2;Sciences;715;4;Homme;80;4;1;Research Scientist;4;célibataire;4680;15232;3;No;17;3;1;80;4;2;3;1;0;0;0
50;Non;Voyage_rarement;1207;R&D;28;1;Medecine;716;4;Homme;74;4;1;Laboratory Technician;3;Marié;3221;3297;1;Yes;11;3;3;80;20;3;3;20;8;3;8
34;Non;Voyage_rarement;1442;R&D;9;3;Medecine;717;4;Femme;46;2;3;Healthcare Representative;2;célibataire;8621;17654;1;No;14;3;2;80;9;3;4;8;7;7;7
24;Oui;Voyage_rarement;693;Ventes;3;2;Sciences;720;1;Femme;65;3;2;Sales Executive;3;célibataire;4577;24785;9;No;14;3;1;80;4;3;3;2;2;2;0
39;Non;Voyage_rarement;408;R&D;2;4;Diplome technique;721;4;Femme;80;2;2;Healthcare Representative;3;célibataire;4553;20978;1;No;11;3;1;80;20;4;3;20;7;11;10
32;Non;Voyage_rarement;929;Ventes;10;3;Marketing;722;4;Homme;55;3;2;Sales Executive;4;célibataire;5396;21703;1;No;12;3;4;80;10;2;2;10;7;0;8
50;Oui;Voyage_fréquemment;562;Ventes;8;2;Diplome technique;723;2;Homme;50;3;2;Sales Executive;3;Marié;6796;23452;3;Yes;14;3;1;80;18;4;3;4;3;1;3
38;Non;Voyage_rarement;827;R&D;1;4;Sciences;724;2;Femme;33;4;2;Healthcare Representative;4;célibataire;7625;19383;0;No;13;3;3;80;10;4;2;9;7;1;8
27;Non;Voyage_rarement;608;R&D;1;2;Sciences;725;3;Femme;68;3;3;Manufacturing Director;1;Marié;7412;6009;1;No;11;3;4;80;9;3;3;9;7;0;7
32;Non;Voyage_rarement;1018;R&D;3;2;Sciences;727;3;Femme;39;3;3;Research Director;4;célibataire;11159;19373;3;No;15;3;4;80;10;6;3;7;7;7;7
47;Non;Voyage_rarement;703;Ventes;14;4;Marketing;728;4;Homme;42;3;2;Sales Executive;1;célibataire;4960;11825;2;No;12;3;4;80;20;2;3;7;7;1;7
40;Non;Voyage_fréquemment;580;Ventes;5;4;Sciences;729;4;Homme;48;2;3;Sales Executive;1;Marié;10475;23772;5;Yes;21;4;3;80;20;2;3;18;13;1;12
53;Non;Voyage_rarement;970;R&D;7;3;Sciences;730;3;Homme;59;4;4;Research Director;3;Marié;14814;13514;3;No;19;3;3;80;32;3;3;5;1;1;3
41;Non;Voyage_rarement;427;RH;10;4;RH;731;2;Homme;73;2;5;Manager;4;Divorcé;19141;8861;3;No;15;3;2;80;23;2;2;21;6;12;6
60;Non;Voyage_rarement;1179;Ventes;16;4;Marketing;732;1;Homme;84;3;2;Sales Executive;1;célibataire;5405;11924;8;No;14;3;4;80;10;1;3;2;2;2;2
27;Non;Voyage_fréquemment;294;R&D;10;2;Sciences;733;4;Homme;32;3;3;Manufacturing Director;1;Divorcé;8793;4809;1;No;21;4;3;80;9;4;2;9;7;1;7
41;Non;Voyage_rarement;314;RH;1;3;RH;734;4;Homme;59;2;5;Manager;3;Marié;19189;19562;1;No;12;3;2;80;22;3;3;22;7;2;10
50;Non;Voyage_rarement;316;Ventes;8;4;Marketing;738;4;Homme;54;3;1;Sales Representative;2;Marié;3875;9983;7;No;15;3;4;80;4;2;3;2;2;2;2
28;Oui;Voyage_rarement;654;R&D;1;2;Sciences;741;1;Femme;67;1;1;Research Scientist;2;célibataire;2216;3872;7;Yes;13;3;4;80;10;4;3;7;7;3;7
36;Non;Voyage-pas;427;R&D;8;3;Sciences;742;1;Femme;63;4;3;Research Director;1;Marié;11713;20335;9;No;14;3;1;80;10;2;3;8;7;0;5
38;Non;Voyage_rarement;168;R&D;1;3;Sciences;743;3;Femme;81;3;3;Manufacturing Director;3;célibataire;7861;15397;4;Yes;14;3;4;80;10;4;4;1;0;0;0
44;Non;Voyage-pas;381;R&D;24;3;Medecine;744;1;Homme;49;1;1;Laboratory Technician;3;célibataire;3708;2104;2;No;14;3;3;80;9;5;3;5;2;1;4
47;Non;Voyage_fréquemment;217;Ventes;3;3;Medecine;746;4;Femme;49;3;4;Sales Executive;3;Divorcé;13770;10225;9;Yes;12;3;4;80;28;2;2;22;2;11;13
30;Non;Voyage_rarement;501;Ventes;27;5;Marketing;747;3;Homme;99;3;2;Sales Executive;4;Divorcé;5304;25275;7;No;23;4;4;80;10;2;2;8;7;7;7
29;Non;Voyage_rarement;1396;Ventes;10;3;Sciences;749;3;Homme;99;3;1;Sales Representative;3;célibataire;2642;2755;1;No;11;3;3;80;1;6;3;1;0;0;0
42;Oui;Voyage_fréquemment;933;R&D;19;3;Medecine;752;3;Homme;57;4;1;Research Scientist;3;Divorcé;2759;20366;6;Yes;12;3;4;80;7;2;3;2;2;2;2
43;Non;Voyage_fréquemment;775;Ventes;15;3;Sciences;754;4;Homme;47;2;2;Sales Executive;4;Marié;6804;23683;3;No;18;3;3;80;7;5;3;2;2;2;2
34;Non;Voyage_rarement;970;R&D;8;2;Medecine;757;2;Femme;96;3;2;Healthcare Representative;3;célibataire;6142;7360;3;No;11;3;4;80;10;2;3;5;1;4;3
23;Non;Voyage_rarement;650;R&D;9;1;Medecine;758;2;Homme;37;3;1;Laboratory Technician;1;Marié;2500;4344;1;No;14;3;4;80;5;2;4;4;3;0;2
39;Non;Voyage_rarement;141;RH;3;3;RH;760;3;Femme;44;4;2;Human Resources;2;Marié;6389;18767;9;No;15;3;3;80;12;3;1;8;3;3;6
56;Non;Voyage_rarement;832;R&D;9;3;Medecine;762;3;Homme;81;3;4;Healthcare Representative;4;Marié;11103;20420;7;No;11;3;3;80;30;1;2;10;7;1;1
40;Non;Voyage_rarement;804;R&D;2;1;Medecine;763;4;Femme;86;2;1;Research Scientist;4;célibataire;2342;22929;0;Yes;20;4;4;80;5;2;2;4;2;2;3
27;Non;Voyage_rarement;975;R&D;7;3;Medecine;764;4;Femme;55;2;2;Healthcare Representative;1;célibataire;6811;23398;8;No;19;3;1;80;9;2;1;7;6;0;7
29;Non;Voyage_rarement;1090;Ventes;10;3;Marketing;766;4;Homme;83;3;1;Sales Representative;2;Divorcé;2297;17967;1;No;14;3;4;80;2;2;3;2;2;2;2
53;Non;Voyage_rarement;346;R&D;6;3;Sciences;769;4;Homme;86;3;2;Laboratory Technician;4;célibataire;2450;10919;2;No;17;3;4;80;19;4;3;2;2;2;2
35;Non;Voyage-pas;1225;R&D;2;4;Sciences;771;4;Femme;61;3;2;Healthcare Representative;1;Divorcé;5093;4761;2;No;11;3;1;80;16;2;4;1;0;0;0
32;Non;Voyage_fréquemment;430;R&D;24;4;Sciences;772;1;Homme;80;3;2;Laboratory Technician;4;Marié;5309;21146;1;No;15;3;4;80;10;2;3;10;8;4;7
38;Non;Voyage_rarement;268;R&D;2;5;Medecine;773;4;Homme;92;3;1;Research Scientist;3;Marié;3057;20471;6;Yes;13;3;2;80;6;0;1;1;0;0;1
34;Non;Voyage_rarement;167;R&D;8;5;Sciences;775;2;Femme;32;3;2;Manufacturing Director;1;Divorcé;5121;4187;3;No;14;3;3;80;7;3;3;0;0;0;0
52;Non;Voyage_rarement;621;Ventes;3;4;Marketing;776;3;Homme;31;2;4;Manager;1;Marié;16856;10084;1;No;11;3;1;80;34;3;4;34;6;1;16
33;Oui;Voyage_rarement;527;R&D;1;4;Autres;780;4;Homme;63;3;1;Research Scientist;4;célibataire;2686;5207;1;Yes;13;3;3;80;10;2;2;10;9;7;8
25;Non;Voyage_rarement;883;Ventes;26;1;Medecine;781;3;Femme;32;3;2;Sales Executive;4;célibataire;6180;22807;1;No;23;4;2;80;6;5;2;6;5;1;4
45;Non;Voyage_rarement;954;Ventes;2;2;Diplome technique;783;2;Homme;46;1;2;Sales Representative;3;célibataire;6632;12388;0;No;13;3;1;80;9;3;3;8;7;3;1
23;Non;Voyage_rarement;310;R&D;10;1;Medecine;784;1;Homme;79;4;1;Research Scientist;3;célibataire;3505;19630;1;No;18;3;4;80;2;3;3;2;2;0;2
47;Oui;Voyage_fréquemment;719;Ventes;27;2;Sciences;785;2;Femme;77;4;2;Sales Executive;3;célibataire;6397;10339;4;Yes;12;3;4;80;8;2;3;5;4;1;3
34;Non;Voyage_rarement;304;Ventes;2;3;Autres;786;4;Homme;60;3;2;Sales Executive;4;célibataire;6274;18686;1;No;22;4;3;80;6;5;3;6;5;1;4
55;Oui;Voyage_rarement;725;R&D;2;3;Medecine;787;4;Homme;78;3;5;Manager;1;Marié;19859;21199;5;Yes;13;3;4;80;24;2;3;5;2;1;4
36;Non;Voyage-pas;1434;Ventes;8;4;Sciences;789;1;Homme;76;2;3;Sales Executive;1;célibataire;7587;14229;1;No;15;3;2;80;10;1;3;10;7;0;9
52;Non;Voyage-pas;715;R&D;19;4;Medecine;791;4;Homme;41;3;1;Research Scientist;4;Marié;4258;26589;0;No;18;3;1;80;5;3;3;4;3;1;2
26;Non;Voyage_fréquemment;575;R&D;1;2;Sciences;792;1;Femme;71;1;1;Laboratory Technician;4;Divorcé;4364;5288;3;No;14;3;1;80;5;2;3;2;2;2;0
29;Non;Voyage_rarement;657;R&D;27;3;Medecine;793;2;Femme;66;3;2;Healthcare Representative;3;Marié;4335;25549;4;No;12;3;1;80;11;3;2;8;7;1;1
26;Oui;Voyage_rarement;1146;Ventes;8;3;Diplome technique;796;4;Homme;38;2;2;Sales Executive;1;célibataire;5326;3064;6;No;17;3;3;80;6;2;2;4;3;1;2
34;Non;Voyage_rarement;182;R&D;1;4;Sciences;797;2;Femme;72;4;1;Research Scientist;4;célibataire;3280;13551;2;No;16;3;3;80;10;2;3;4;2;1;3
54;Non;Voyage_rarement;376;R&D;19;4;Medecine;799;4;Femme;95;3;2;Manufacturing Director;1;Divorcé;5485;22670;9;Yes;11;3;2;80;9;4;3;5;3;1;4
27;Non;Voyage_fréquemment;829;Ventes;8;1;Marketing;800;3;Homme;84;3;2;Sales Executive;4;Marié;4342;24008;0;No;19;3;2;80;5;3;3;4;2;1;1
37;Non;Voyage_rarement;571;R&D;10;1;Sciences;802;4;Femme;82;3;1;Research Scientist;1;Divorcé;2782;19905;0;Yes;13;3;2;80;6;3;2;5;3;4;3
38;Non;Voyage_fréquemment;240;R&D;2;4;Sciences;803;1;Femme;75;4;2;Manufacturing Director;1;célibataire;5980;26085;6;Yes;12;3;4;80;17;2;3;15;7;4;12
34;Non;Voyage_rarement;121;R&D;2;4;Medecine;804;3;Femme;86;2;1;Research Scientist;1;célibataire;4381;7530;1;No;11;3;3;80;6;3;3;6;5;1;3
35;Non;Voyage_rarement;384;Ventes;8;4;Sciences;805;1;Femme;72;3;1;Sales Representative;4;Marié;2572;20317;1;No;16;3;2;80;3;1;2;3;2;0;2
30;Non;Voyage_rarement;921;R&D;1;3;Sciences;806;4;Homme;38;1;1;Laboratory Technician;3;Marié;3833;24375;3;No;21;4;3;80;7;2;3;2;2;0;2
40;Non;Voyage_fréquemment;791;R&D;2;2;Medecine;807;3;Femme;38;4;2;Healthcare Representative;2;Marié;4244;9931;1;No;24;4;4;80;8;2;3;8;7;3;7
34;Non;Voyage_rarement;1111;Ventes;8;2;Sciences;808;3;Femme;93;3;2;Sales Executive;1;Marié;6500;13305;5;No;17;3;2;80;6;1;3;3;2;1;2
42;Non;Voyage_fréquemment;570;R&D;8;3;Sciences;809;2;Homme;66;3;5;Manager;4;Divorcé;18430;16225;1;No;13;3;2;80;24;4;2;24;7;14;9
23;Oui;Voyage_rarement;1243;R&D;6;3;Sciences;811;3;Homme;63;4;1;Laboratory Technician;1;Marié;1601;3445;1;Yes;21;4;3;80;1;2;3;0;0;0;0
24;Non;Voyage-pas;1092;R&D;9;3;Sciences;812;3;Homme;60;2;1;Laboratory Technician;2;Divorcé;2694;26551;1;No;11;3;3;80;1;4;3;1;0;0;0
52;Non;Voyage_rarement;1325;R&D;11;4;Sciences;813;4;Femme;82;3;2;Laboratory Technician;3;Marié;3149;21821;8;No;20;4;2;80;9;3;3;5;2;1;4
50;Non;Voyage_rarement;691;R&D;2;3;Medecine;815;3;Homme;64;3;4;Research Director;3;Marié;17639;6881;5;No;16;3;4;80;30;3;3;4;3;0;3
29;Oui;Voyage_rarement;805;R&D;1;2;Sciences;816;2;Femme;36;2;1;Laboratory Technician;1;Marié;2319;6689;1;Yes;11;3;4;80;1;1;3;1;0;0;0
33;Non;Voyage_rarement;213;R&D;7;3;Medecine;817;3;Homme;49;3;3;Research Director;3;Marié;11691;25995;0;No;11;3;4;80;14;3;4;13;9;3;7
33;Oui;Voyage_rarement;118;Ventes;16;3;Marketing;819;1;Femme;69;3;2;Sales Executive;1;célibataire;5324;26507;5;No;15;3;3;80;6;3;3;3;2;0;2
47;Non;Voyage_rarement;202;R&D;2;2;Autres;820;3;Femme;33;3;4;Manager;4;Marié;16752;12982;1;Yes;11;3;3;80;26;3;2;26;14;3;0
36;Non;Voyage_rarement;676;R&D;1;3;Autres;823;3;Femme;35;3;2;Manufacturing Director;2;Marié;5228;23361;0;No;15;3;1;80;10;2;3;9;7;0;5
29;Non;Voyage_rarement;1252;R&D;23;2;Sciences;824;3;Homme;81;4;1;Research Scientist;3;Marié;2700;23779;1;No;24;4;3;80;10;3;3;10;7;0;7
58;Oui;Voyage_rarement;286;R&D;2;4;Sciences;825;4;Homme;31;3;5;Research Director;2;célibataire;19246;25761;7;Yes;12;3;4;80;40;2;3;31;15;13;8
35;Non;Voyage_rarement;1258;R&D;1;4;Sciences;826;4;Femme;40;4;1;Research Scientist;3;célibataire;2506;13301;3;No;13;3;3;80;7;0;3;2;2;2;2
42;Non;Voyage_rarement;932;R&D;1;2;Sciences;827;4;Femme;43;2;2;Manufacturing Director;4;Marié;6062;4051;9;Yes;13;3;4;80;8;4;3;4;3;0;2
28;Oui;Voyage_rarement;890;R&D;2;4;Medecine;828;3;Homme;46;3;1;Research Scientist;3;célibataire;4382;16374;6;No;17;3;4;80;5;3;2;2;2;2;1
36;Non;Voyage_rarement;1041;RH;13;3;RH;829;3;Homme;36;3;1;Human Resources;2;Marié;2143;25527;4;No;13;3;2;80;8;2;3;5;2;0;4
32;Non;Voyage_rarement;859;R&D;4;3;Sciences;830;3;Femme;98;2;2;Manufacturing Director;3;Marié;6162;19124;1;No;12;3;3;80;14;3;3;14;13;6;8
40;Non;Voyage_fréquemment;720;R&D;16;4;Medecine;832;1;Homme;51;2;2;Laboratory Technician;3;célibataire;5094;11983;6;No;14;3;4;80;10;6;3;1;0;0;0
30;Non;Voyage_rarement;946;R&D;2;3;Medecine;833;3;Femme;52;2;2;Manufacturing Director;4;célibataire;6877;20234;5;Yes;24;4;2;80;12;4;2;0;0;0;0
45;Non;Voyage_rarement;252;R&D;2;3;Sciences;834;2;Femme;95;2;1;Research Scientist;3;célibataire;2274;6153;1;No;14;3;4;80;1;3;3;1;0;0;0
42;Non;Voyage_rarement;933;R&D;29;3;Sciences;836;2;Homme;98;3;2;Manufacturing Director;2;Marié;4434;11806;1;No;13;3;4;80;10;3;2;9;8;7;8
38;Non;Voyage_fréquemment;471;R&D;12;3;Sciences;837;1;Homme;45;2;2;Healthcare Representative;1;Divorcé;6288;4284;2;No;15;3;3;80;13;3;2;4;3;1;2
34;Non;Voyage_fréquemment;702;R&D;16;4;Sciences;838;3;Femme;100;2;1;Research Scientist;4;célibataire;2553;8306;1;No;16;3;3;80;6;3;3;5;2;1;3
49;Oui;Voyage_rarement;1184;Ventes;11;3;Marketing;840;3;Femme;43;3;3;Sales Executive;4;Marié;7654;5860;1;No;18;3;1;80;9;3;4;9;8;7;7
55;Oui;Voyage_rarement;436;Ventes;2;1;Medecine;842;3;Homme;37;3;2;Sales Executive;4;célibataire;5160;21519;4;No;16;3;3;80;12;3;2;9;7;7;3
43;Non;Voyage_rarement;589;R&D;14;2;Sciences;843;2;Homme;94;3;4;Research Director;1;Marié;17159;5200;6;No;24;4;3;80;22;3;3;4;1;1;0
27;Non;Voyage_rarement;269;R&D;5;1;Diplome technique;844;3;Homme;42;2;3;Research Director;4;Divorcé;12808;8842;1;Yes;16;3;2;80;9;3;3;9;8;0;8
35;Non;Voyage_rarement;950;R&D;7;3;Autres;845;3;Homme;59;3;3;Manufacturing Director;3;célibataire;10221;18869;3;No;21;4;2;80;17;3;4;8;5;1;6
28;Non;Voyage_rarement;760;Ventes;2;4;Marketing;846;2;Femme;81;3;2;Sales Executive;2;Marié;4779;3698;1;Yes;20;4;1;80;8;2;3;8;7;7;5
34;Non;Voyage_rarement;829;RH;3;2;RH;847;3;Homme;88;3;1;Human Resources;4;Marié;3737;2243;0;No;19;3;3;80;4;1;1;3;2;0;2
26;Oui;Voyage_fréquemment;887;R&D;5;2;Medecine;848;3;Femme;88;2;1;Research Scientist;3;Marié;2366;20898;1;Yes;14;3;1;80;8;2;3;8;7;1;7
27;Non;Voyage-pas;443;R&D;3;3;Medecine;850;4;Homme;50;3;1;Research Scientist;4;Marié;1706;16571;1;No;11;3;3;80;0;6;2;0;0;0;0
51;Non;Voyage_rarement;1318;Ventes;26;4;Marketing;851;1;Femme;66;3;4;Manager;3;Marié;16307;5594;2;No;14;3;3;80;29;2;2;20;6;4;17
44;Non;Voyage_rarement;625;R&D;4;3;Medecine;852;4;Homme;50;3;2;Healthcare Representative;2;célibataire;5933;5197;9;No;12;3;4;80;10;2;2;5;2;2;3
25;Non;Voyage_rarement;180;R&D;2;1;Medecine;854;1;Homme;65;4;1;Research Scientist;1;célibataire;3424;21632;7;No;13;3;3;80;6;3;2;4;3;0;1
33;Non;Voyage_rarement;586;Ventes;1;3;Medecine;855;1;Homme;48;4;2;Sales Executive;1;Divorcé;4037;21816;1;No;22;4;1;80;9;5;3;9;8;0;8
35;Non;Voyage_rarement;1343;R&D;27;1;Medecine;856;3;Femme;53;2;1;Research Scientist;1;célibataire;2559;17852;1;No;11;3;4;80;6;3;2;6;5;1;1
36;Non;Voyage_rarement;928;Ventes;1;2;Sciences;857;2;Homme;56;3;2;Sales Executive;4;Marié;6201;2823;1;Yes;14;3;4;80;18;1;2;18;14;4;11
32;Non;Voyage_rarement;117;Ventes;13;4;Sciences;859;2;Homme;73;3;2;Sales Executive;4;Divorcé;4403;9250;2;No;11;3;3;80;8;3;2;5;2;0;3
30;Non;Voyage_fréquemment;1012;R&D;5;4;Sciences;861;2;Homme;75;2;1;Research Scientist;4;Divorcé;3761;2373;9;No;12;3;2;80;10;3;2;5;4;0;3
53;Non;Voyage_rarement;661;Ventes;7;2;Marketing;862;1;Femme;78;2;3;Sales Executive;4;Marié;10934;20715;7;Yes;18;3;4;80;35;3;3;5;2;0;4
45;Non;Voyage_rarement;930;Ventes;9;3;Marketing;864;4;Homme;74;3;3;Sales Executive;1;Divorcé;10761;19239;4;Yes;12;3;3;80;18;2;3;5;4;0;2
32;Non;Voyage_rarement;638;R&D;8;2;Medecine;865;3;Femme;91;4;2;Research Scientist;3;Marié;5175;22162;5;No;12;3;3;80;9;3;2;5;3;1;3
52;Non;Voyage_fréquemment;890;R&D;25;4;Medecine;867;3;Femme;81;2;4;Manufacturing Director;4;Marié;13826;19028;3;No;22;4;3;80;31;3;3;9;8;0;0
37;Non;Voyage_rarement;342;Ventes;16;4;Marketing;868;4;Homme;66;2;2;Sales Executive;3;Divorcé;6334;24558;4;No;19;3;4;80;9;2;3;1;0;0;0
28;Non;Voyage_rarement;1169;RH;8;2;Medecine;869;2;Homme;63;2;1;Human Resources;4;Divorcé;4936;23965;1;No;13;3;4;80;6;6;3;5;1;0;4
22;Non;Voyage_rarement;1230;R&D;1;2;Sciences;872;4;Homme;33;2;2;Manufacturing Director;4;Marié;4775;19146;6;No;22;4;1;80;4;2;1;2;2;2;2
44;Non;Voyage_rarement;986;R&D;8;4;Sciences;874;1;Homme;62;4;1;Laboratory Technician;4;Marié;2818;5044;2;Yes;24;4;3;80;10;2;2;3;2;0;2
42;Non;Voyage_fréquemment;1271;R&D;2;1;Medecine;875;2;Homme;35;3;1;Research Scientist;4;célibataire;2515;9068;5;Yes;14;3;4;80;8;2;3;2;1;2;2
36;Non;Voyage_rarement;1278;RH;8;3;Sciences;878;1;Homme;77;2;1;Human Resources;1;Marié;2342;8635;0;No;21;4;3;80;6;3;3;5;4;0;3
25;Non;Voyage_rarement;141;Ventes;3;1;Autres;879;3;Homme;98;3;2;Sales Executive;1;Marié;4194;14363;1;Yes;18;3;4;80;5;3;3;5;3;0;3
35;Non;Voyage_rarement;607;R&D;9;3;Sciences;880;4;Femme;66;2;3;Manufacturing Director;3;Marié;10685;23457;1;Yes;20;4;2;80;17;2;3;17;14;5;15
35;Oui;Voyage_fréquemment;130;R&D;25;4;Sciences;881;4;Femme;96;3;1;Research Scientist;2;Divorcé;2022;16612;1;Yes;19;3;1;80;10;3;2;10;2;7;8
32;Non;Voyage-pas;300;R&D;1;3;Sciences;882;4;Homme;61;3;1;Laboratory Technician;4;Divorcé;2314;9148;0;No;12;3;2;80;4;2;3;3;0;0;2
25;Non;Voyage_rarement;583;Ventes;4;1;Marketing;885;3;Homme;87;2;2;Sales Executive;1;Marié;4256;18154;1;No;12;3;1;80;5;1;4;5;2;0;3
49;Non;Voyage_rarement;1418;R&D;1;3;Diplome technique;887;3;Femme;36;3;1;Research Scientist;1;Marié;3580;10554;2;No;16;3;2;80;7;2;3;4;2;0;2
24;Non;Voyage-pas;1269;R&D;4;1;Sciences;888;1;Homme;46;2;1;Laboratory Technician;4;Marié;3162;10778;0;No;17;3;4;80;6;2;2;5;2;3;4
32;Non;Voyage_fréquemment;379;Ventes;5;2;Sciences;889;2;Homme;48;3;2;Sales Executive;2;Marié;6524;8891;1;No;14;3;4;80;10;3;3;10;8;5;3
38;Non;Voyage_rarement;395;Ventes;9;3;Marketing;893;2;Homme;98;2;1;Sales Representative;2;Marié;2899;12102;0;No;19;3;4;80;3;3;3;2;2;1;2
42;Non;Voyage_rarement;1265;R&D;3;3;Sciences;894;3;Femme;95;4;2;Laboratory Technician;4;Marié;5231;23726;2;Yes;13;3;2;80;17;1;2;5;3;1;3
31;Non;Voyage_rarement;1222;R&D;11;4;Sciences;895;4;Homme;48;3;1;Research Scientist;4;Marié;2356;14871;3;Yes;19;3;2;80;8;2;3;6;4;0;2
29;Oui;Voyage_rarement;341;Ventes;1;3;Medecine;896;2;Femme;48;2;1;Sales Representative;3;Divorcé;2800;23522;6;Yes;19;3;3;80;5;3;3;3;2;0;2
53;Non;Voyage_rarement;868;Ventes;8;3;Marketing;897;1;Homme;73;3;4;Sales Executive;4;Marié;11836;22789;5;No;14;3;3;80;28;3;3;2;0;2;2
35;Non;Voyage_rarement;672;R&D;25;3;Diplome technique;899;4;Homme;78;2;3;Manufacturing Director;2;Marié;10903;9129;3;No;16;3;1;80;16;2;3;13;10;4;8
37;Non;Voyage_fréquemment;1231;Ventes;21;2;Medecine;900;3;Femme;54;3;1;Sales Representative;4;Marié;2973;21222;5;No;15;3;2;80;10;3;3;5;4;0;0
53;Non;Voyage_rarement;102;R&D;23;4;Sciences;901;4;Femme;72;3;4;Research Director;4;célibataire;14275;20206;6;No;18;3;3;80;33;0;3;12;9;3;8
43;Non;Voyage_fréquemment;422;R&D;1;3;Sciences;902;4;Femme;33;3;2;Healthcare Representative;4;Marié;5562;21782;4;No;13;3;2;80;12;2;2;5;2;2;2
47;Non;Voyage_rarement;249;Ventes;2;2;Marketing;903;3;Femme;35;3;2;Sales Executive;4;Marié;4537;17783;0;Yes;22;4;1;80;8;2;3;7;6;7;7
37;Non;Voyage-pas;1252;Ventes;19;2;Medecine;904;1;Homme;32;3;3;Sales Executive;2;célibataire;7642;4814;1;Yes;13;3;4;80;10;2;3;10;0;0;9
50;Non;Voyage-pas;881;R&D;2;4;Sciences;905;1;Homme;98;3;4;Manager;1;Divorcé;17924;4544;1;No;11;3;4;80;31;3;3;31;6;14;7
39;Non;Voyage_rarement;1383;RH;2;3;Sciences;909;4;Femme;42;2;2;Human Resources;4;Marié;5204;7790;8;No;11;3;3;80;13;2;3;5;4;0;4
33;Non;Voyage_rarement;1075;RH;3;2;RH;910;4;Homme;57;3;1;Human Resources;2;Divorcé;2277;22650;3;Yes;11;3;3;80;7;4;4;4;3;0;3
32;Oui;Voyage_rarement;374;R&D;25;4;Sciences;911;1;Homme;87;3;1;Laboratory Technician;4;célibataire;2795;18016;1;Yes;24;4;3;80;1;2;1;1;0;0;1
29;Non;Voyage_rarement;1086;R&D;7;1;Medecine;912;1;Femme;62;2;1;Laboratory Technician;4;Divorcé;2532;6054;6;No;14;3;3;80;8;5;3;4;3;0;3
44;Non;Voyage_rarement;661;R&D;9;2;Sciences;913;2;Homme;61;3;1;Research Scientist;1;Marié;2559;7508;1;Yes;13;3;4;80;8;0;3;8;7;7;1
28;Non;Voyage_rarement;821;Ventes;5;4;Medecine;916;1;Homme;98;3;2;Sales Executive;4;célibataire;4908;24252;1;No;14;3;2;80;4;3;3;4;2;0;2
58;Oui;Voyage_fréquemment;781;R&D;2;1;Sciences;918;4;Homme;57;2;1;Laboratory Technician;4;Divorcé;2380;13384;9;Yes;14;3;4;80;3;3;2;1;0;0;0
43;Non;Voyage_rarement;177;R&D;8;3;Sciences;920;1;Femme;55;3;2;Manufacturing Director;2;Divorcé;4765;23814;4;No;21;4;3;80;4;2;4;1;0;0;0
20;Oui;Voyage_rarement;500;Ventes;2;3;Medecine;922;3;Femme;49;2;1;Sales Representative;3;célibataire;2044;22052;1;No;13;3;4;80;2;3;2;2;2;0;2
21;Oui;Voyage_rarement;1427;R&D;18;1;Autres;923;4;Femme;65;3;1;Research Scientist;4;célibataire;2693;8870;1;No;19;3;1;80;1;3;2;1;0;0;0
36;Non;Voyage_rarement;1425;R&D;14;1;Sciences;924;3;Homme;68;3;2;Healthcare Representative;4;Marié;6586;4821;0;Yes;17;3;1;80;17;2;2;16;8;4;11
47;Non;Voyage_rarement;1454;Ventes;2;4;Sciences;925;4;Femme;65;2;1;Sales Representative;4;célibataire;3294;13137;1;Yes;18;3;1;80;3;3;2;3;2;1;2
22;Oui;Voyage_rarement;617;R&D;3;1;Sciences;926;2;Femme;34;3;2;Manufacturing Director;3;Marié;4171;10022;0;Yes;19;3;1;80;4;3;4;3;2;0;2
41;Oui;Voyage_rarement;1085;R&D;2;4;Sciences;927;2;Femme;57;1;1;Laboratory Technician;4;Divorcé;2778;17725;4;Yes;13;3;3;80;10;1;2;7;7;1;0
28;Non;Voyage_rarement;995;R&D;9;3;Medecine;930;3;Femme;77;3;1;Research Scientist;3;Divorcé;2377;9834;5;No;18;3;2;80;6;2;3;2;2;2;2
39;Oui;Voyage_rarement;1122;R&D;6;3;Medecine;932;4;Homme;70;3;1;Laboratory Technician;1;Marié;2404;4303;7;Yes;21;4;4;80;8;2;1;2;2;2;2
27;Non;Voyage_rarement;618;R&D;4;3;Sciences;933;2;Femme;76;3;1;Research Scientist;3;célibataire;2318;17808;1;No;19;3;3;80;1;2;3;1;1;0;0
34;Non;Voyage_rarement;546;R&D;10;3;Sciences;934;2;Homme;83;3;1;Laboratory Technician;2;Divorcé;2008;6896;1;No;14;3;2;80;1;3;3;1;0;1;0
42;Non;Voyage_rarement;462;Ventes;14;2;Medecine;936;3;Femme;68;2;2;Sales Executive;3;célibataire;6244;7824;7;No;17;3;1;80;10;6;3;5;4;0;3
33;Non;Voyage_rarement;1198;R&D;1;4;Autres;939;3;Homme;100;2;1;Research Scientist;1;célibataire;2799;3339;3;Yes;11;3;2;80;6;1;3;3;2;0;2
58;Non;Voyage_rarement;1272;R&D;5;3;Diplome technique;940;3;Femme;37;2;3;Healthcare Representative;2;Divorcé;10552;9255;2;Yes;13;3;4;80;24;3;3;6;0;0;4
31;Non;Voyage_rarement;154;Ventes;7;4;Sciences;941;2;Homme;41;2;1;Sales Representative;3;Marié;2329;11737;3;No;15;3;2;80;13;2;4;7;7;5;2
35;Non;Voyage_rarement;1137;R&D;21;1;Sciences;942;4;Femme;51;3;2;Healthcare Representative;4;Marié;4014;19170;1;Yes;25;4;4;80;10;2;1;10;6;0;7
49;Non;Voyage_rarement;527;R&D;8;2;Autres;944;1;Femme;51;3;3;Laboratory Technician;2;Marié;7403;22477;4;No;11;3;3;80;29;3;2;26;9;1;7
48;Non;Voyage_rarement;1469;R&D;20;4;Medecine;945;4;Homme;51;3;1;Research Scientist;3;Marié;2259;5543;4;No;17;3;1;80;13;2;2;0;0;0;0
31;Non;Voyage-pas;1188;Ventes;20;2;Marketing;947;4;Femme;45;3;2;Sales Executive;3;Marié;6932;24406;1;No;13;3;4;80;9;2;2;9;8;0;0
36;Non;Voyage_rarement;188;R&D;7;4;Autres;949;2;Homme;65;3;1;Research Scientist;4;célibataire;4678;23293;2;No;18;3;3;80;8;6;3;6;2;0;1
38;Non;Voyage_rarement;1333;R&D;1;3;Diplome technique;950;4;Femme;80;3;3;Research Director;1;Marié;13582;16292;1;No;13;3;2;80;15;3;3;15;12;5;11
32;Non;Voyage-pas;1184;R&D;1;3;Sciences;951;3;Femme;70;2;1;Laboratory Technician;2;Marié;2332;3974;6;No;20;4;3;80;5;3;3;3;0;0;2
25;Oui;Voyage_rarement;867;Ventes;19;2;Marketing;952;3;Homme;36;2;1;Sales Representative;2;Marié;2413;18798;1;Yes;18;3;3;80;1;2;3;1;0;0;0
40;Non;Voyage_rarement;658;Ventes;10;4;Marketing;954;1;Homme;67;2;3;Sales Executive;2;Divorcé;9705;20652;2;No;12;3;2;80;11;2;2;1;0;0;0
26;Non;Voyage_fréquemment;1283;Ventes;1;3;Medecine;956;3;Homme;52;2;2;Sales Executive;1;célibataire;4294;11148;1;No;12;3;2;80;7;2;3;7;7;0;7
41;Non;Voyage_rarement;263;R&D;6;3;Medecine;957;4;Homme;59;3;1;Laboratory Technician;1;célibataire;4721;3119;2;Yes;13;3;3;80;20;3;3;18;13;2;17
36;Non;Voyage_rarement;938;R&D;2;4;Medecine;958;3;Homme;79;3;1;Laboratory Technician;3;célibataire;2519;12287;4;No;21;4;3;80;16;6;3;11;8;3;9
19;Oui;Voyage_rarement;419;Ventes;21;3;Autres;959;4;Homme;37;2;1;Sales Representative;2;célibataire;2121;9947;1;Yes;13;3;2;80;1;3;4;1;0;0;0
20;Oui;Voyage_rarement;129;R&D;4;3;Diplome technique;960;1;Homme;84;3;1;Laboratory Technician;1;célibataire;2973;13008;1;No;19;3;2;80;1;2;3;1;0;0;0
31;Non;Voyage_rarement;616;R&D;12;3;Medecine;961;4;Femme;41;3;2;Healthcare Representative;4;Marié;5855;17369;0;Yes;11;3;3;80;10;2;1;9;7;8;5
40;Non;Voyage_fréquemment;1469;R&D;9;4;Medecine;964;4;Homme;35;3;1;Research Scientist;2;Divorcé;3617;25063;8;Yes;14;3;4;80;3;2;3;1;1;0;0
32;Non;Voyage_rarement;498;R&D;3;4;Medecine;966;3;Femme;93;3;2;Manufacturing Director;1;Marié;6725;13554;1;No;12;3;3;80;8;2;4;8;7;6;3
36;Oui;Voyage_rarement;530;Ventes;3;1;Sciences;967;3;Homme;51;2;3;Sales Executive;4;Marié;10325;5518;1;Yes;11;3;1;80;16;6;3;16;7;3;7
33;Non;Voyage_rarement;1069;R&D;1;3;Sciences;969;2;Femme;42;2;2;Healthcare Representative;4;célibataire;6949;12291;0;No;14;3;1;80;6;3;3;5;0;1;4
37;Oui;Voyage_rarement;625;Ventes;1;4;Sciences;970;1;Homme;46;2;3;Sales Executive;3;Marié;10609;14922;5;No;11;3;3;80;17;2;1;14;1;11;7
45;Non;Voyage-pas;805;R&D;4;2;Sciences;972;3;Homme;57;3;2;Laboratory Technician;2;Marié;4447;23163;1;No;12;3;2;80;9;5;2;9;7;0;8
29;Non;Voyage_fréquemment;1404;Ventes;20;3;Diplome technique;974;3;Femme;84;3;1;Sales Representative;4;Marié;2157;18203;1;No;15;3;2;80;3;5;3;3;1;0;2
35;Non;Voyage_rarement;1219;Ventes;18;3;Medecine;975;3;Femme;86;3;2;Sales Executive;3;Marié;4601;6179;1;No;16;3;2;80;5;3;3;5;2;1;0
52;Non;Voyage_rarement;1053;R&D;1;2;Sciences;976;4;Homme;70;3;4;Manager;4;Marié;17099;13829;2;No;15;3;2;80;26;2;2;9;8;7;8
58;Oui;Voyage_rarement;289;R&D;2;3;Diplome technique;977;4;Homme;51;3;1;Research Scientist;3;célibataire;2479;26227;4;No;24;4;1;80;7;4;3;1;0;0;0
53;Non;Voyage_rarement;1376;Ventes;2;2;Medecine;981;3;Homme;45;3;4;Manager;3;Divorcé;14852;13938;6;No;13;3;3;80;22;3;4;17;13;15;2
30;Non;Voyage_rarement;231;Ventes;8;2;Autres;982;3;Homme;62;3;3;Sales Executive;3;Divorcé;7264;9977;5;No;11;3;1;80;10;2;4;8;4;7;7
38;Non;Voyage-pas;152;Ventes;10;3;Diplome technique;983;3;Femme;85;3;2;Sales Executive;4;célibataire;5666;19899;1;Yes;13;3;2;80;6;1;3;5;3;1;3
35;Non;Voyage_rarement;882;Ventes;3;4;Sciences;984;4;Homme;92;3;3;Sales Executive;4;Divorcé;7823;6812;6;No;13;3;2;80;12;2;3;10;9;0;8
39;Non;Voyage_rarement;903;Ventes;2;5;Sciences;985;1;Homme;41;4;3;Sales Executive;3;célibataire;7880;2560;0;No;18;3;4;80;9;3;3;8;7;0;7
40;Oui;Voyage-pas;1479;Ventes;24;3;Sciences;986;2;Femme;100;4;4;Sales Executive;2;célibataire;13194;17071;4;Yes;16;3;4;80;22;2;2;1;0;0;0
47;Non;Voyage_fréquemment;1379;R&D;16;4;Medecine;987;3;Homme;64;4;2;Manufacturing Director;3;Divorcé;5067;6759;1;Yes;19;3;3;80;20;3;4;19;10;2;7
36;Non;Voyage-pas;1229;Ventes;8;4;Diplome technique;990;1;Homme;84;3;2;Sales Executive;4;Divorcé;5079;25952;4;No;13;3;4;80;12;3;3;7;7;0;7
31;Oui;Voyage-pas;335;R&D;9;2;Medecine;991;3;Homme;46;2;1;Research Scientist;1;célibataire;2321;10322;0;Yes;22;4;1;80;4;0;3;3;2;1;2
33;Non;Voyage-pas;722;Ventes;17;3;Sciences;992;4;Homme;38;3;4;Manager;3;célibataire;17444;20489;1;No;11;3;4;80;10;2;3;10;8;6;0
29;Oui;Voyage_rarement;906;R&D;10;3;Sciences;994;4;Femme;92;2;1;Research Scientist;1;célibataire;2404;11479;6;Yes;20;4;3;80;3;5;3;0;0;0;0
33;Non;Voyage_rarement;461;R&D;13;1;Sciences;995;2;Femme;53;3;1;Research Scientist;4;célibataire;3452;17241;3;No;18;3;1;80;5;4;3;3;2;0;2
45;Non;Voyage_rarement;974;R&D;1;4;Medecine;996;4;Femme;91;3;1;Laboratory Technician;4;Divorcé;2270;11005;3;No;14;3;4;80;8;2;3;5;3;0;2
50;Non;Voyage_rarement;1126;R&D;1;2;Medecine;997;4;Homme;66;3;4;Research Director;4;Divorcé;17399;6615;9;No;22;4;3;80;32;1;2;5;4;1;3
33;Non;Voyage_fréquemment;827;R&D;1;4;Autres;998;3;Femme;84;4;2;Healthcare Representative;2;Marié;5488;20161;1;Yes;13;3;1;80;6;2;3;6;5;1;2
41;Non;Voyage_fréquemment;840;R&D;9;3;Medecine;999;1;Homme;64;3;5;Research Director;3;Divorcé;19419;3735;2;No;17;3;2;80;21;2;4;18;16;0;11
27;Non;Voyage_rarement;1134;R&D;16;4;Diplome technique;1001;3;Femme;37;3;1;Laboratory Technician;2;Marié;2811;12086;9;No;14;3;2;80;4;2;3;2;2;2;2
45;Non;Voyage-pas;248;R&D;23;2;Sciences;1002;4;Homme;42;3;2;Laboratory Technician;1;Marié;3633;14039;1;Yes;15;3;3;80;9;2;3;9;8;0;8
47;Non;Voyage_rarement;955;Ventes;4;2;Sciences;1003;4;Femme;83;3;2;Sales Executive;4;célibataire;4163;8571;1;Yes;17;3;3;80;9;0;3;9;0;0;7
30;Oui;Voyage_rarement;138;R&D;22;3;Sciences;1004;1;Femme;48;3;1;Research Scientist;3;Marié;2132;11539;4;Yes;11;3;2;80;7;2;3;5;2;0;1
50;Non;Voyage_rarement;939;R&D;24;3;Sciences;1005;4;Homme;95;3;4;Manufacturing Director;3;Marié;13973;4161;3;Yes;18;3;4;80;22;2;3;12;11;1;5
38;Non;Voyage_fréquemment;1391;R&D;10;1;Medecine;1006;3;Homme;66;3;1;Research Scientist;3;Marié;2684;12127;0;No;17;3;2;80;3;0;2;2;1;0;2
46;Non;Voyage_rarement;566;R&D;7;2;Medecine;1007;4;Homme;75;3;3;Manufacturing Director;3;Divorcé;10845;24208;6;No;13;3;2;80;13;3;3;8;7;0;7
24;Non;Voyage_rarement;1206;R&D;17;1;Medecine;1009;4;Femme;41;2;2;Manufacturing Director;3;Divorcé;4377;24117;1;No;15;3;2;80;5;6;3;4;2;3;2
35;Oui;Voyage_rarement;622;R&D;14;4;Autres;1010;3;Homme;39;2;1;Laboratory Technician;2;Divorcé;3743;10074;1;Yes;24;4;4;80;5;2;1;4;2;0;2
31;Non;Voyage_fréquemment;853;R&D;1;1;Sciences;1011;3;Femme;96;3;2;Manufacturing Director;1;Marié;4148;11275;1;No;12;3;3;80;4;1;3;4;3;0;3
18;Non;Voyage-pas;287;R&D;5;2;Sciences;1012;2;Homme;73;3;1;Research Scientist;4;célibataire;1051;13493;1;No;15;3;4;80;0;2;3;0;0;0;0
54;Non;Voyage_rarement;1441;R&D;17;3;Diplome technique;1013;3;Femme;56;3;3;Manufacturing Director;3;Marié;10739;13943;8;No;11;3;3;80;22;2;3;10;7;0;8
35;Non;Voyage_rarement;583;R&D;25;4;Medecine;1014;3;Femme;57;3;3;Healthcare Representative;3;Divorcé;10388;6975;1;Yes;11;3;3;80;16;3;2;16;10;10;1
30;Non;Voyage_rarement;153;R&D;8;2;Sciences;1015;2;Femme;73;4;3;Research Director;1;Marié;11416;17802;0;Yes;12;3;3;80;9;4;2;8;7;1;7
20;Oui;Voyage_rarement;1097;R&D;11;3;Medecine;1016;4;Femme;98;2;1;Research Scientist;1;célibataire;2600;18275;1;Yes;15;3;1;80;1;2;3;1;0;0;0
30;Oui;Voyage_fréquemment;109;R&D;5;3;Medecine;1017;2;Femme;60;3;1;Laboratory Technician;2;célibataire;2422;25725;0;No;17;3;1;80;4;3;3;3;2;1;2
26;Non;Voyage_rarement;1066;R&D;2;2;Medecine;1018;4;Homme;32;4;2;Manufacturing Director;4;Marié;5472;3334;1;No;12;3;2;80;8;2;3;8;7;1;3
22;Non;Voyage_rarement;217;R&D;8;1;Sciences;1019;2;Homme;94;1;1;Laboratory Technician;1;Marié;2451;6881;1;No;15;3;1;80;4;3;2;4;3;1;1
48;Non;Voyage_rarement;277;R&D;6;3;Sciences;1022;1;Homme;97;2;2;Healthcare Representative;3;célibataire;4240;13119;2;No;13;3;4;80;19;0;3;2;2;2;2
48;Non;Voyage_rarement;1355;R&D;4;4;Sciences;1024;3;Homme;78;2;3;Healthcare Representative;3;célibataire;10999;22245;7;No;14;3;2;80;27;3;3;15;11;4;8
41;Non;Voyage_rarement;549;R&D;7;2;Medecine;1025;4;Femme;42;3;2;Manufacturing Director;3;célibataire;5003;23371;6;No;14;3;2;80;8;6;3;2;2;2;1
39;Non;Voyage_rarement;466;R&D;1;1;Sciences;1026;4;Femme;65;2;4;Manufacturing Director;4;Marié;12742;7060;1;No;16;3;3;80;21;3;3;21;6;11;8
27;Non;Voyage_rarement;1055;R&D;2;4;Sciences;1027;1;Femme;47;3;2;Manufacturing Director;4;Marié;4227;4658;0;No;18;3;2;80;4;2;3;3;2;2;2
35;Non;Voyage_rarement;802;R&D;10;3;Autres;1028;2;Homme;45;3;1;Laboratory Technician;4;Divorcé;3917;9541;1;No;20;4;1;80;3;4;2;3;2;1;2
42;Non;Voyage_rarement;265;Ventes;5;2;Marketing;1029;4;Homme;90;3;5;Manager;3;Marié;18303;7770;6;No;13;3;2;80;21;3;4;1;0;0;0
50;Non;Voyage_rarement;804;R&D;9;3;Sciences;1030;1;Homme;64;3;1;Laboratory Technician;4;Marié;2380;20165;4;No;18;3;2;80;8;5;3;1;0;0;0
59;Non;Voyage_rarement;715;R&D;2;3;Sciences;1032;3;Femme;69;2;4;Manufacturing Director;4;célibataire;13726;21829;3;Yes;13;3;1;80;30;4;3;5;3;4;3
37;Oui;Voyage_rarement;1141;R&D;11;2;Medecine;1033;1;Femme;61;1;2;Healthcare Representative;2;Marié;4777;14382;5;No;15;3;1;80;15;2;1;1;0;0;0
55;Non;Voyage_fréquemment;135;R&D;18;4;Medecine;1034;3;Homme;62;3;2;Healthcare Representative;2;Marié;6385;12992;3;Yes;14;3;4;80;17;3;3;8;7;6;7
41;Non;Voyage-pas;247;R&D;7;1;Sciences;1035;2;Femme;55;1;5;Research Director;3;Divorcé;19973;20284;1;No;22;4;2;80;21;3;3;21;16;5;10
38;Non;Voyage_rarement;1035;Ventes;3;4;Sciences;1036;2;Homme;42;3;2;Sales Executive;4;célibataire;6861;4981;8;Yes;12;3;3;80;19;1;3;1;0;0;0
26;Oui;Voyage-pas;265;Ventes;29;2;Medecine;1037;2;Homme;79;1;2;Sales Executive;1;célibataire;4969;21813;8;No;18;3;4;80;7;6;3;2;2;2;2
52;Oui;Voyage_rarement;266;Ventes;2;1;Marketing;1038;1;Femme;57;1;5;Manager;4;Marié;19845;25846;1;No;15;3;4;80;33;3;3;32;14;6;9
44;Non;Voyage_rarement;1448;Ventes;28;3;Medecine;1039;4;Femme;53;4;4;Sales Executive;4;Marié;13320;11737;3;Yes;18;3;3;80;23;2;3;12;11;11;11
50;Non;Voyage-pas;145;Ventes;1;3;Sciences;1040;4;Femme;95;3;2;Sales Executive;3;Marié;6347;24920;0;No;12;3;1;80;19;3;3;18;7;0;13
36;Oui;Voyage_rarement;885;R&D;16;4;Sciences;1042;3;Femme;43;4;1;Laboratory Technician;1;célibataire;2743;8269;1;No;16;3;3;80;18;1;3;17;13;15;14
39;Non;Voyage_fréquemment;945;R&D;22;3;Medecine;1043;4;Femme;82;3;3;Manufacturing Director;1;célibataire;10880;5083;1;Yes;13;3;3;80;21;2;3;21;6;2;8
33;Non;Voyage-pas;1038;Ventes;8;1;Sciences;1044;2;Femme;88;2;1;Sales Representative;4;célibataire;2342;21437;0;No;19;3;4;80;3;2;2;2;2;2;2
45;Non;Voyage_rarement;1234;Ventes;11;2;Sciences;1045;4;Femme;90;3;4;Manager;4;Marié;17650;5404;3;No;13;3;2;80;26;4;4;9;3;1;1
32;Non;Voyage-pas;1109;R&D;29;4;Medecine;1046;4;Femme;69;3;1;Laboratory Technician;3;célibataire;4025;11135;9;No;12;3;2;80;10;2;3;8;7;7;7
34;Non;Voyage_rarement;216;Ventes;1;4;Marketing;1047;2;Homme;75;4;2;Sales Executive;4;Divorcé;9725;12278;0;No;11;3;4;80;16;2;2;15;1;0;9
59;Non;Voyage_rarement;1089;Ventes;1;2;Diplome technique;1048;2;Homme;66;3;3;Manager;4;Marié;11904;11038;3;Yes;14;3;3;80;14;1;1;6;4;0;4
45;Non;Voyage_rarement;788;RH;24;4;Medecine;1049;2;Homme;36;3;1;Human Resources;2;célibataire;2177;8318;1;No;16;3;1;80;6;3;3;6;3;0;4
53;Non;Voyage_fréquemment;124;Ventes;2;3;Marketing;1050;3;Femme;38;2;3;Sales Executive;2;Marié;7525;23537;2;No;12;3;1;80;30;2;3;15;7;6;12
36;Oui;Voyage_rarement;660;R&D;15;3;Autres;1052;1;Homme;81;3;2;Laboratory Technician;3;Divorcé;4834;7858;7;No;14;3;2;80;9;3;2;1;0;0;0
26;Oui;Voyage_fréquemment;342;R&D;2;3;Sciences;1053;1;Homme;57;3;1;Research Scientist;1;Marié;2042;15346;6;Yes;14;3;2;80;6;2;3;3;2;1;2
34;Non;Voyage_rarement;1333;Ventes;10;4;Sciences;1055;3;Femme;87;3;1;Sales Representative;3;Marié;2220;18410;1;Yes;19;3;4;80;1;2;3;1;1;0;0
28;Non;Voyage_rarement;1144;Ventes;10;1;Medecine;1056;4;Homme;74;3;1;Sales Representative;2;Marié;1052;23384;1;No;22;4;2;80;1;5;3;1;0;0;0
38;Non;Voyage_fréquemment;1186;R&D;3;4;Autres;1060;3;Homme;44;3;1;Research Scientist;3;Marié;2821;2997;3;No;16;3;1;80;8;2;3;2;2;2;2
50;Non;Voyage_rarement;1464;R&D;2;4;Medecine;1061;2;Homme;62;3;5;Research Director;3;Marié;19237;12853;2;Yes;11;3;4;80;29;2;2;8;1;7;7
37;Non;Voyage_rarement;124;R&D;3;3;Autres;1062;4;Femme;35;3;2;Healthcare Representative;2;célibataire;4107;13848;3;No;15;3;1;80;8;3;2;4;3;0;1
40;Non;Voyage_rarement;300;Ventes;26;3;Marketing;1066;3;Homme;74;3;2;Sales Executive;1;Marié;8396;22217;1;No;14;3;2;80;8;3;2;7;7;7;5
26;Non;Voyage_fréquemment;921;R&D;1;1;Medecine;1068;1;Femme;66;2;1;Research Scientist;3;Divorcé;2007;25265;1;No;13;3;3;80;5;5;3;5;3;1;3
46;Non;Voyage_rarement;430;R&D;1;4;Medecine;1069;4;Homme;40;3;5;Research Director;4;Divorcé;19627;21445;9;No;17;3;4;80;23;0;3;2;2;2;2
54;Non;Voyage_rarement;1082;Ventes;2;4;Sciences;1070;3;Femme;41;2;3;Sales Executive;3;Marié;10686;8392;6;No;11;3;2;80;13;4;3;9;4;7;0
56;Non;Voyage_fréquemment;1240;R&D;9;3;Medecine;1071;1;Femme;63;3;1;Research Scientist;3;Marié;2942;12154;2;No;19;3;2;80;18;4;3;5;4;0;3
36;Non;Voyage_rarement;796;R&D;12;5;Medecine;1073;4;Femme;51;2;3;Manufacturing Director;4;célibataire;8858;15669;0;No;11;3;2;80;15;2;2;14;8;7;8
55;Non;Voyage-pas;444;R&D;2;1;Medecine;1074;3;Homme;40;2;4;Manager;1;célibataire;16756;17323;7;No;15;3;2;80;31;3;4;9;7;6;2
43;Non;Voyage_rarement;415;Ventes;25;3;Medecine;1076;3;Homme;79;2;3;Sales Executive;4;Divorcé;10798;5268;5;No;13;3;3;80;18;5;3;1;0;0;0
20;Oui;Voyage_fréquemment;769;Ventes;9;3;Marketing;1077;4;Femme;54;3;1;Sales Representative;4;célibataire;2323;17205;1;Yes;14;3;2;80;2;3;3;2;2;0;2
21;Oui;Voyage_rarement;1334;R&D;10;3;Sciences;1079;3;Femme;36;2;1;Laboratory Technician;1;célibataire;1416;17258;1;No;13;3;1;80;1;6;2;1;0;1;0
46;Non;Voyage_rarement;1003;R&D;8;4;Sciences;1080;4;Femme;74;2;2;Research Scientist;1;Divorcé;4615;21029;8;Yes;23;4;1;80;19;2;3;16;13;1;7
51;Oui;Voyage_rarement;1323;R&D;4;4;Sciences;1081;1;Homme;34;3;1;Research Scientist;3;Marié;2461;10332;9;Yes;12;3;3;80;18;2;4;10;0;2;7
28;Oui;Voyage-pas;1366;R&D;24;2;Diplome technique;1082;2;Homme;72;2;3;Healthcare Representative;1;célibataire;8722;12355;1;No;12;3;1;80;10;2;2;10;7;1;9
26;Non;Voyage_rarement;192;R&D;1;2;Medecine;1083;1;Homme;59;2;1;Laboratory Technician;1;Marié;3955;11141;1;No;16;3;1;80;6;2;3;5;3;1;3
30;Non;Voyage_rarement;1176;R&D;20;3;Autres;1084;3;Homme;85;3;2;Manufacturing Director;1;Marié;9957;9096;0;No;15;3;3;80;7;1;2;6;2;0;2
41;Non;Voyage_rarement;509;R&D;7;2;Diplome technique;1085;2;Femme;43;4;1;Research Scientist;3;Marié;3376;18863;1;No;13;3;3;80;10;3;3;10;6;0;8
38;Non;Voyage_rarement;330;R&D;17;1;Sciences;1088;3;Femme;65;2;3;Healthcare Representative;3;Marié;8823;24608;0;No;18;3;1;80;20;4;2;19;9;1;9
40;Non;Voyage_rarement;1492;R&D;20;4;Diplome technique;1092;1;Homme;61;3;3;Healthcare Representative;4;Marié;10322;26542;4;No;20;4;4;80;14;6;3;11;10;11;1
27;Non;Voyage-pas;1277;R&D;8;5;Sciences;1094;1;Homme;87;1;1;Laboratory Technician;3;Marié;4621;5869;1;No;19;3;4;80;3;4;3;3;2;1;2
55;Non;Voyage_fréquemment;1091;R&D;2;1;Sciences;1096;4;Homme;65;3;3;Manufacturing Director;2;Marié;10976;15813;3;No;18;3;2;80;23;4;3;3;2;1;2
28;Non;Voyage_rarement;857;R&D;10;3;Autres;1097;3;Femme;59;3;2;Research Scientist;3;célibataire;3660;7909;3;No;13;3;4;80;10;4;4;8;7;1;7
44;Oui;Voyage_rarement;1376;RH;1;2;Medecine;1098;2;Homme;91;2;3;Human Resources;1;Marié;10482;2326;9;No;14;3;4;80;24;1;3;20;6;3;6
33;Non;Voyage_rarement;654;R&D;5;3;Sciences;1099;4;Homme;34;2;3;Healthcare Representative;4;Divorcé;7119;21214;4;No;15;3;3;80;9;2;3;3;2;1;2
35;Oui;Voyage_rarement;1204;Ventes;4;3;Diplome technique;1100;4;Homme;86;3;3;Sales Executive;1;célibataire;9582;10333;0;Yes;22;4;1;80;9;2;3;8;7;4;7
33;Oui;Voyage_fréquemment;827;R&D;29;4;Medecine;1101;1;Femme;54;2;2;Research Scientist;3;célibataire;4508;3129;1;No;22;4;2;80;14;4;3;13;7;3;8
28;Non;Voyage_rarement;895;R&D;15;2;Sciences;1102;1;Homme;50;3;1;Laboratory Technician;3;Divorcé;2207;22482;1;No;16;3;4;80;4;5;2;4;2;2;2
34;Non;Voyage_fréquemment;618;R&D;3;1;Sciences;1103;1;Homme;45;3;2;Healthcare Representative;4;célibataire;7756;22266;0;No;17;3;3;80;7;1;2;6;2;0;4
37;Non;Voyage_rarement;309;Ventes;10;4;Sciences;1105;4;Femme;88;2;2;Sales Executive;4;Divorcé;6694;24223;2;Yes;14;3;3;80;8;5;3;1;0;0;0
25;Oui;Voyage_rarement;1219;R&D;4;1;Diplome technique;1106;4;Homme;32;3;1;Laboratory Technician;4;Marié;3691;4605;1;Yes;15;3;2;80;7;3;4;7;7;5;6
26;Oui;Voyage_rarement;1330;R&D;21;3;Medecine;1107;1;Homme;37;3;1;Laboratory Technician;3;Divorcé;2377;19373;1;No;20;4;3;80;1;0;2;1;1;0;0
33;Oui;Voyage_rarement;1017;R&D;25;3;Medecine;1108;1;Homme;55;2;1;Research Scientist;2;célibataire;2313;2993;4;Yes;20;4;2;80;5;0;3;2;2;2;2
42;Non;Voyage_rarement;469;R&D;2;2;Medecine;1109;4;Homme;35;3;4;Manager;1;Marié;17665;14399;0;No;17;3;4;80;23;3;3;22;6;13;7
28;Oui;Voyage_fréquemment;1009;R&D;1;3;Medecine;1111;1;Homme;45;2;1;Laboratory Technician;2;Divorcé;2596;7160;1;No;15;3;1;80;1;2;3;1;0;0;0
50;Oui;Voyage_fréquemment;959;Ventes;1;4;Autres;1113;4;Homme;81;3;2;Sales Executive;3;célibataire;4728;17251;3;Yes;14;3;4;80;5;4;3;0;0;0;0
33;Non;Voyage_fréquemment;970;Ventes;7;3;Sciences;1114;4;Femme;30;3;2;Sales Executive;2;Marié;4302;13401;0;No;17;3;3;80;4;3;3;3;2;0;2
34;Non;Voyage-pas;697;R&D;3;4;Sciences;1115;3;Homme;40;2;1;Research Scientist;4;Marié;2979;22478;3;No;17;3;4;80;6;2;3;0;0;0;0
48;Non;Voyage-pas;1262;R&D;1;4;Medecine;1116;1;Homme;35;4;4;Manager;4;célibataire;16885;16154;2;No;22;4;3;80;27;3;2;5;4;2;1
45;Non;Voyage-pas;1050;Ventes;9;4;Sciences;1117;2;Femme;65;2;2;Sales Executive;3;Marié;5593;17970;1;No;13;3;4;80;15;2;3;15;10;4;12
52;Non;Voyage_rarement;994;R&D;7;4;Sciences;1118;2;Homme;87;3;3;Healthcare Representative;2;célibataire;10445;15322;7;No;19;3;4;80;18;4;3;8;6;4;0
38;Non;Voyage_rarement;770;Ventes;10;4;Marketing;1119;3;Homme;73;2;3;Sales Executive;3;Divorcé;8740;5569;0;Yes;14;3;2;80;9;2;3;8;7;2;7
29;Non;Voyage_rarement;1107;R&D;28;4;Sciences;1120;3;Femme;93;3;1;Research Scientist;4;Divorcé;2514;26968;4;No;22;4;1;80;11;1;3;7;5;1;7
28;Non;Voyage_rarement;950;R&D;3;3;Medecine;1121;4;Femme;93;3;3;Manufacturing Director;2;Divorcé;7655;8039;0;No;17;3;2;80;10;3;2;9;7;1;7
46;Non;Voyage_rarement;406;Ventes;3;1;Marketing;1124;1;Homme;52;3;4;Manager;3;Marié;17465;15596;3;No;12;3;4;80;23;3;3;12;9;4;9
38;Non;Voyage_rarement;130;Ventes;2;2;Marketing;1125;4;Homme;32;3;3;Sales Executive;2;célibataire;7351;20619;7;No;16;3;3;80;10;2;3;1;0;0;0
43;Non;Voyage_fréquemment;1082;R&D;27;3;Sciences;1126;3;Femme;83;3;3;Manufacturing Director;1;Marié;10820;11535;8;No;11;3;3;80;18;1;3;8;7;0;1
39;Oui;Voyage_fréquemment;203;R&D;2;3;Sciences;1127;1;Homme;84;3;4;Healthcare Representative;4;Divorcé;12169;13547;7;No;11;3;4;80;21;4;3;18;7;11;5
40;Non;Voyage_rarement;1308;R&D;14;3;Medecine;1128;3;Homme;44;2;5;Research Director;3;célibataire;19626;17544;1;No;14;3;1;80;21;2;4;20;7;4;9
21;Non;Voyage_rarement;984;R&D;1;1;Diplome technique;1131;4;Femme;70;2;1;Research Scientist;2;célibataire;2070;25326;1;Yes;11;3;3;80;2;6;4;2;2;2;2
39;Non;Voyage-pas;439;R&D;9;3;Sciences;1132;3;Homme;70;3;2;Laboratory Technician;2;célibataire;6782;8770;9;No;15;3;3;80;9;2;2;5;4;0;3
36;Non;Voyage-pas;217;R&D;18;4;Sciences;1133;1;Homme;78;3;2;Manufacturing Director;4;célibataire;7779;23238;2;No;20;4;1;80;18;0;3;11;9;0;9
31;Non;Voyage_fréquemment;793;Ventes;20;3;Sciences;1135;3;Homme;67;4;1;Sales Representative;4;Marié;2791;21981;0;No;12;3;1;80;3;4;3;2;2;2;2
28;Non;Voyage_rarement;1451;R&D;2;1;Sciences;1136;1;Homme;67;2;1;Research Scientist;2;Marié;3201;19911;0;No;17;3;1;80;6;2;1;5;3;0;4
35;Non;Voyage_fréquemment;1182;Ventes;11;2;Marketing;1137;4;Homme;54;3;2;Sales Executive;4;Divorcé;4968;18500;1;No;11;3;4;80;5;3;3;5;2;0;2
49;Non;Voyage_rarement;174;Ventes;8;4;Diplome technique;1138;4;Homme;56;2;4;Sales Executive;2;Marié;13120;11879;6;No;17;3;2;80;22;3;3;9;8;2;3
34;Non;Voyage_fréquemment;1003;R&D;2;2;Sciences;1140;4;Homme;95;3;2;Manufacturing Director;3;célibataire;4033;15834;2;No;11;3;4;80;5;3;2;3;2;0;2
29;Non;Voyage_fréquemment;490;R&D;10;3;Sciences;1143;4;Femme;61;3;1;Research Scientist;2;Divorcé;3291;17940;0;No;14;3;4;80;8;2;2;7;5;1;1
42;Non;Voyage_rarement;188;R&D;29;3;Medecine;1148;2;Homme;56;1;2;Laboratory Technician;4;célibataire;4272;9558;4;No;19;3;1;80;16;3;3;1;0;0;0
29;Non;Voyage_rarement;718;R&D;8;1;Medecine;1150;2;Homme;79;2;2;Manufacturing Director;4;Marié;5056;17689;1;Yes;15;3;3;80;10;2;2;10;7;1;2
38;Non;Voyage_rarement;433;RH;1;3;RH;1152;3;Homme;37;4;1;Human Resources;3;Marié;2844;6004;1;No;13;3;4;80;7;2;4;7;6;5;0
28;Non;Voyage_fréquemment;773;R&D;6;3;Sciences;1154;3;Homme;39;2;1;Research Scientist;3;Divorcé;2703;22088;1;Yes;14;3;4;80;3;2;3;3;1;0;2
18;Oui;Voyage-pas;247;R&D;8;1;Medecine;1156;3;Homme;80;3;1;Laboratory Technician;3;célibataire;1904;13556;1;No;12;3;4;80;0;0;3;0;0;0;0
33;Oui;Voyage_rarement;603;Ventes;9;4;Marketing;1157;1;Femme;77;3;2;Sales Executive;1;célibataire;8224;18385;0;Yes;17;3;1;80;6;3;3;5;2;0;3
41;Non;Voyage_rarement;167;R&D;12;4;Sciences;1158;2;Homme;46;3;1;Laboratory Technician;4;Marié;4766;9051;3;Yes;11;3;1;80;6;4;3;1;0;0;0
31;Oui;Voyage_fréquemment;874;R&D;15;3;Medecine;1160;3;Homme;72;3;1;Laboratory Technician;3;Marié;2610;6233;1;No;12;3;3;80;2;5;2;2;2;2;2
37;Non;Voyage_rarement;367;R&D;25;2;Medecine;1161;3;Femme;52;2;2;Healthcare Representative;4;Divorcé;5731;17171;7;No;13;3;3;80;9;2;3;6;2;1;3
27;Non;Voyage_rarement;199;R&D;6;3;Sciences;1162;4;Homme;55;2;1;Research Scientist;3;Marié;2539;7950;1;No;13;3;3;80;4;0;3;4;2;2;2
34;Non;Voyage_rarement;1400;Ventes;9;1;Sciences;1163;2;Femme;70;3;2;Sales Executive;3;Marié;5714;5829;1;No;20;4;1;80;6;3;2;6;5;1;3
35;Non;Voyage_rarement;528;RH;8;4;Diplome technique;1164;3;Homme;100;3;1;Human Resources;3;célibataire;4323;7108;1;No;17;3;2;80;6;2;1;5;4;1;4
29;Oui;Voyage_rarement;408;Ventes;23;1;Sciences;1165;4;Femme;45;2;3;Sales Executive;1;Marié;7336;11162;1;No;13;3;1;80;11;3;1;11;8;3;10
40;Non;Voyage_fréquemment;593;R&D;9;4;Medecine;1166;2;Femme;88;3;3;Research Director;3;célibataire;13499;13782;9;No;17;3;3;80;20;3;2;18;7;2;13
42;Oui;Voyage_fréquemment;481;Ventes;12;3;Sciences;1167;3;Homme;44;3;4;Sales Executive;1;célibataire;13758;2447;0;Yes;12;3;2;80;22;2;2;21;9;13;14
42;Non;Voyage_rarement;647;Ventes;4;4;Marketing;1171;2;Homme;45;3;2;Sales Executive;1;célibataire;5155;2253;7;No;13;3;4;80;9;3;4;6;4;1;5
35;Non;Voyage_rarement;982;R&D;1;4;Medecine;1172;4;Homme;58;2;1;Laboratory Technician;3;Marié;2258;16340;6;No;12;3;2;80;10;2;3;8;0;1;7
24;Non;Voyage_rarement;477;R&D;24;3;Medecine;1173;4;Homme;49;3;1;Laboratory Technician;2;célibataire;3597;6409;8;No;22;4;4;80;6;2;3;4;3;1;2
28;Oui;Voyage_rarement;1485;R&D;12;1;Sciences;1175;3;Femme;79;3;1;Laboratory Technician;4;Marié;2515;22955;1;Yes;11;3;4;80;1;4;2;1;1;0;0
26;Non;Voyage_rarement;1384;R&D;3;4;Medecine;1177;1;Homme;82;4;1;Laboratory Technician;4;Marié;4420;13421;1;No;22;4;2;80;8;2;3;8;7;0;7
30;Non;Voyage_rarement;852;Ventes;10;3;Marketing;1179;3;Homme;72;2;2;Sales Executive;3;Marié;6578;2706;1;No;18;3;1;80;10;3;3;10;3;1;4
40;Non;Voyage_fréquemment;902;R&D;26;2;Medecine;1180;3;Femme;92;2;2;Research Scientist;4;Marié;4422;21203;3;Yes;13;3;4;80;16;3;1;1;1;0;0
35;Non;Voyage_rarement;819;R&D;2;3;Sciences;1182;3;Homme;44;2;3;Manufacturing Director;2;Divorcé;10274;19588;2;No;18;3;2;80;15;2;4;7;7;6;4
34;Non;Voyage_fréquemment;669;R&D;1;3;Medecine;1184;4;Homme;97;2;2;Healthcare Representative;1;célibataire;5343;25755;0;No;20;4;3;80;14;3;3;13;9;4;9
35;Non;Voyage_fréquemment;636;R&D;4;4;Autres;1185;4;Homme;47;2;1;Laboratory Technician;4;Marié;2376;26537;1;No;13;3;2;80;2;2;4;2;2;2;2
43;Oui;Voyage_rarement;1372;Ventes;9;3;Marketing;1188;1;Femme;85;1;2;Sales Executive;3;célibataire;5346;9489;8;No;13;3;2;80;7;2;2;4;3;1;3
32;Non;Voyage-pas;862;Ventes;2;1;Sciences;1190;3;Femme;76;3;1;Sales Representative;1;Divorcé;2827;14947;1;No;12;3;3;80;1;3;3;1;0;0;0
56;Non;Voyage_rarement;718;R&D;4;4;Diplome technique;1191;4;Femme;92;3;5;Manager;1;Divorcé;19943;18575;4;No;13;3;4;80;28;2;3;5;2;4;2
29;Non;Voyage_rarement;1401;R&D;6;1;Medecine;1192;2;Femme;54;3;1;Laboratory Technician;4;Marié;3131;26342;1;No;13;3;1;80;10;5;3;10;8;0;8
19;Non;Voyage_rarement;645;R&D;9;2;Sciences;1193;3;Homme;54;3;1;Research Scientist;1;célibataire;2552;7172;1;No;25;4;3;80;1;4;3;1;1;0;0
45;Non;Voyage_rarement;1457;R&D;7;3;Medecine;1195;1;Femme;83;3;1;Research Scientist;3;Marié;4477;20100;4;Yes;19;3;3;80;7;2;2;3;2;0;2
37;Non;Voyage_rarement;977;R&D;1;3;Sciences;1196;4;Femme;56;2;2;Manufacturing Director;4;Marié;6474;9961;1;No;13;3;2;80;14;2;2;14;8;3;11
20;Non;Voyage_rarement;805;R&D;3;3;Sciences;1198;1;Homme;87;2;1;Laboratory Technician;3;célibataire;3033;12828;1;No;12;3;1;80;2;2;2;2;2;1;2
44;Oui;Voyage_rarement;1097;R&D;10;4;Sciences;1200;3;Homme;96;3;1;Research Scientist;3;célibataire;2936;10826;1;Yes;11;3;3;80;6;4;3;6;4;0;2
53;Non;Voyage_rarement;1223;R&D;7;2;Medecine;1201;4;Femme;50;3;5;Manager;3;Divorcé;18606;18640;3;No;18;3;2;80;26;6;3;7;7;4;7
29;Non;Voyage_rarement;942;R&D;15;1;Sciences;1202;2;Femme;69;1;1;Research Scientist;4;Marié;2168;26933;0;Yes;18;3;1;80;6;2;2;5;4;1;3
22;Oui;Voyage_fréquemment;1256;R&D;3;4;Sciences;1203;3;Homme;48;2;1;Research Scientist;4;Marié;2853;4223;0;Yes;11;3;2;80;1;5;3;0;0;0;0
46;Non;Voyage_rarement;1402;Ventes;2;3;Marketing;1204;3;Femme;69;3;4;Manager;1;Marié;17048;24097;8;No;23;4;1;80;28;2;3;26;15;15;9
44;Non;Voyage-pas;111;R&D;17;3;Sciences;1206;4;Homme;74;1;1;Research Scientist;3;célibataire;2290;4279;2;No;13;3;4;80;6;3;3;0;0;0;0
33;Non;Voyage_rarement;147;RH;2;3;RH;1207;2;Homme;99;3;1;Human Resources;3;Marié;3600;8429;1;No;13;3;4;80;5;2;3;5;4;1;4
41;Oui;Voyage-pas;906;R&D;5;2;Sciences;1210;1;Homme;95;2;1;Research Scientist;1;Divorcé;2107;20293;6;No;17;3;1;80;5;2;1;1;0;0;0
30;Non;Voyage_rarement;1329;Ventes;29;4;Sciences;1211;3;Homme;61;3;2;Sales Executive;1;Divorcé;4115;13192;8;No;19;3;3;80;8;3;3;4;3;0;3
40;Non;Voyage_fréquemment;1184;Ventes;2;4;Medecine;1212;2;Homme;62;3;2;Sales Executive;2;Marié;4327;25440;5;No;12;3;4;80;5;2;3;0;0;0;0
50;Non;Voyage_fréquemment;1421;R&D;2;3;Medecine;1215;4;Femme;30;3;4;Manager;1;Marié;17856;9490;2;No;22;4;3;80;32;3;3;2;2;2;2
28;Non;Voyage_rarement;1179;R&D;19;4;Medecine;1216;4;Homme;78;2;1;Laboratory Technician;1;Marié;3196;12449;1;No;12;3;3;80;6;2;3;6;5;3;3
46;Non;Voyage_rarement;1450;R&D;15;2;Sciences;1217;4;Homme;52;3;5;Research Director;2;Marié;19081;10849;5;No;11;3;1;80;25;2;3;4;2;0;3
35;Non;Voyage_rarement;1361;Ventes;17;4;Sciences;1218;3;Homme;94;3;2;Sales Executive;1;Marié;8966;21026;3;Yes;15;3;4;80;15;2;3;7;7;1;7
24;Oui;Voyage_rarement;984;R&D;17;2;Sciences;1219;4;Femme;97;3;1;Laboratory Technician;2;Marié;2210;3372;1;No;13;3;1;80;1;3;1;1;0;0;0
33;Non;Voyage_fréquemment;1146;Ventes;25;3;Medecine;1220;2;Femme;82;3;2;Sales Executive;3;Marié;4539;4905;1;No;12;3;1;80;10;3;2;10;7;0;1
36;Non;Voyage_rarement;917;R&D;6;4;Sciences;1221;3;Homme;60;1;1;Laboratory Technician;3;Divorcé;2741;6865;1;No;14;3;3;80;7;4;3;7;7;1;7
30;Non;Voyage_rarement;853;R&D;7;4;Sciences;1224;3;Homme;49;3;2;Laboratory Technician;3;Divorcé;3491;11309;1;No;13;3;1;80;10;4;2;10;7;8;9
44;Non;Voyage_rarement;200;R&D;29;4;Autres;1225;4;Homme;32;3;2;Research Scientist;4;célibataire;4541;7744;1;No;25;4;2;80;20;3;3;20;11;13;17
20;Non;Voyage_rarement;654;Ventes;21;3;Marketing;1226;3;Homme;43;4;1;Sales Representative;4;célibataire;2678;5050;1;No;17;3;4;80;2;2;3;2;1;2;2
46;Non;Voyage_rarement;150;R&D;2;4;Diplome technique;1228;4;Homme;60;3;2;Manufacturing Director;4;Divorcé;7379;17433;2;No;11;3;3;80;12;3;2;6;3;1;4
42;Non;Voyage-pas;179;RH;2;5;Medecine;1231;4;Homme;79;4;2;Human Resources;1;Marié;6272;12858;7;No;16;3;1;80;10;3;4;4;3;0;3
60;Non;Voyage_rarement;696;Ventes;7;4;Marketing;1233;2;Homme;52;4;2;Sales Executive;4;Divorcé;5220;10893;0;Yes;18;3;2;80;12;3;3;11;7;1;9
32;Non;Voyage_fréquemment;116;R&D;13;3;Autres;1234;3;Femme;77;2;1;Laboratory Technician;2;Marié;2743;7331;1;No;20;4;3;80;2;2;3;2;2;2;2
32;Non;Voyage_fréquemment;1316;R&D;2;2;Sciences;1235;4;Femme;38;3;2;Research Scientist;3;célibataire;4998;2338;4;Yes;14;3;4;80;10;2;3;8;7;0;7
36;Non;Voyage_rarement;363;R&D;1;3;Diplome technique;1237;3;Femme;77;1;3;Manufacturing Director;1;Divorcé;10252;4235;2;Yes;21;4;3;80;17;2;3;7;7;7;7
33;Non;Voyage_rarement;117;R&D;9;3;Medecine;1238;1;Homme;60;3;1;Research Scientist;4;Marié;2781;6311;0;No;13;3;2;80;15;5;3;14;10;4;10
40;Non;Voyage_rarement;107;Ventes;10;3;Diplome technique;1239;2;Femme;84;2;2;Sales Executive;2;Divorcé;6852;11591;7;No;12;3;2;80;7;2;4;5;1;1;3
25;Non;Voyage_rarement;1356;Ventes;10;4;Sciences;1240;3;Homme;57;3;2;Sales Executive;4;célibataire;4950;20623;0;No;14;3;2;80;5;4;3;4;3;1;1
30;Non;Voyage_rarement;1465;R&D;1;3;Medecine;1241;4;Homme;63;3;1;Research Scientist;2;Marié;3579;9369;0;Yes;21;4;1;80;12;2;3;11;9;5;7
42;Non;Voyage_fréquemment;458;R&D;26;5;Medecine;1242;1;Femme;60;3;3;Research Director;1;Marié;13191;23281;3;Yes;17;3;3;80;20;6;3;1;0;0;0
35;Non;Voyage-pas;1212;Ventes;8;2;Marketing;1243;3;Femme;78;2;3;Sales Executive;4;Marié;10377;13755;4;Yes;11;3;2;80;16;6;2;13;2;4;12
27;Non;Voyage_rarement;1103;R&D;14;3;Sciences;1244;1;Homme;42;3;1;Research Scientist;1;Marié;2235;14377;1;Yes;14;3;4;80;9;3;2;9;7;6;8
54;Non;Voyage_fréquemment;966;R&D;1;4;Sciences;1245;4;Femme;53;3;3;Manufacturing Director;3;Divorcé;10502;9659;7;No;17;3;1;80;33;2;1;5;4;1;4
44;Non;Voyage_rarement;1117;R&D;2;1;Sciences;1246;1;Femme;72;4;1;Research Scientist;4;Marié;2011;19982;1;No;13;3;4;80;10;5;3;10;5;7;7
19;Oui;Voyage-pas;504;R&D;10;3;Medecine;1248;1;Femme;96;2;1;Research Scientist;2;célibataire;1859;6148;1;Yes;25;4;2;80;1;2;4;1;1;0;0
29;Non;Voyage_rarement;1010;R&D;1;3;Sciences;1249;1;Femme;97;3;1;Research Scientist;4;Divorcé;3760;5598;1;No;15;3;1;80;3;5;3;3;2;1;2
54;Non;Voyage_rarement;685;R&D;3;3;Sciences;1250;4;Homme;85;3;4;Research Director;4;Marié;17779;23474;3;No;14;3;1;80;36;2;3;10;9;0;9
31;Non;Voyage_rarement;1332;R&D;11;2;Medecine;1251;3;Homme;80;3;2;Healthcare Representative;1;Marié;6833;17089;1;Yes;12;3;4;80;6;2;2;6;5;0;1
31;Non;Voyage_rarement;1062;R&D;24;3;Medecine;1252;3;Femme;96;2;2;Healthcare Representative;1;célibataire;6812;17198;1;No;19;3;2;80;10;2;3;10;9;1;8
59;Non;Voyage_rarement;326;Ventes;3;3;Sciences;1254;3;Femme;48;2;2;Sales Executive;4;célibataire;5171;16490;5;No;17;3;4;80;13;2;3;6;1;0;5
43;Non;Voyage_rarement;920;R&D;3;3;Sciences;1255;3;Homme;96;1;5;Research Director;4;Marié;19740;18625;3;No;14;3;2;80;25;2;3;8;7;0;7
49;Non;Voyage_rarement;1098;R&D;4;2;Medecine;1256;1;Homme;85;2;5;Manager;3;Marié;18711;12124;2;No;13;3;3;80;23;2;4;1;0;0;0
36;Non;Voyage_fréquemment;469;R&D;3;3;Diplome technique;1257;3;Homme;46;3;1;Research Scientist;2;Marié;3692;9256;1;No;12;3;3;80;12;2;2;11;10;0;7
48;Non;Voyage_rarement;969;R&D;2;2;Diplome technique;1258;4;Homme;76;4;1;Laboratory Technician;2;célibataire;2559;16620;5;No;11;3;3;80;7;4;2;1;0;0;0
27;Non;Voyage_rarement;1167;R&D;4;2;Sciences;1259;1;Homme;76;3;1;Research Scientist;3;Divorcé;2517;3208;1;No;11;3;2;80;5;2;3;5;3;0;3
29;Non;Voyage_rarement;1329;R&D;7;3;Sciences;1260;3;Homme;82;3;2;Healthcare Representative;4;Divorcé;6623;4204;1;Yes;11;3;2;80;6;2;3;6;0;1;0
48;Non;Voyage_rarement;715;R&D;1;3;Sciences;1263;4;Homme;76;2;5;Research Director;4;célibataire;18265;8733;6;No;12;3;3;80;25;3;4;1;0;0;0
29;Non;Voyage_rarement;694;R&D;1;3;Sciences;1264;4;Femme;87;2;4;Research Director;4;Divorcé;16124;3423;3;No;14;3;2;80;9;2;2;7;7;1;7
34;Non;Voyage_rarement;1320;R&D;20;3;Diplome technique;1265;3;Femme;89;4;1;Research Scientist;3;Marié;2585;21643;0;No;17;3;4;80;2;5;2;1;0;0;0
44;Non;Voyage_rarement;1099;Ventes;5;3;Marketing;1267;2;Homme;88;3;5;Manager;2;Marié;18213;8751;7;No;11;3;3;80;26;5;3;22;9;3;10
33;Non;Voyage_rarement;536;Ventes;10;5;Marketing;1268;4;Homme;82;4;3;Sales Executive;3;Divorcé;8380;21708;0;Yes;14;3;4;80;10;3;3;9;8;0;8
19;Non;Voyage_rarement;265;R&D;25;3;Sciences;1269;2;Femme;57;4;1;Research Scientist;4;célibataire;2994;21221;1;Yes;12;3;4;80;1;2;3;1;0;0;1
23;Non;Voyage_rarement;373;R&D;1;2;Sciences;1270;4;Homme;47;3;1;Research Scientist;3;Marié;1223;16901;1;No;22;4;4;80;1;2;3;1;0;0;1
25;Oui;Voyage_fréquemment;599;Ventes;24;1;Sciences;1273;3;Homme;73;1;1;Sales Representative;4;célibataire;1118;8040;1;Yes;14;3;4;80;1;4;3;1;0;1;0
26;Non;Voyage_rarement;583;R&D;4;2;Sciences;1275;3;Homme;53;3;1;Research Scientist;4;célibataire;2875;9973;1;Yes;20;4;2;80;8;2;2;8;5;2;2
45;Oui;Voyage_rarement;1449;Ventes;2;3;Marketing;1277;1;Femme;94;1;5;Manager;2;célibataire;18824;2493;2;Yes;16;3;1;80;26;2;3;24;10;1;11
55;Non;Voyage-pas;177;R&D;8;1;Medecine;1278;4;Homme;37;2;4;Healthcare Representative;2;Divorcé;13577;25592;1;Yes;15;3;4;80;34;3;3;33;9;15;0
21;Oui;Voyage_fréquemment;251;R&D;10;2;Sciences;1279;1;Femme;45;2;1;Laboratory Technician;3;célibataire;2625;25308;1;No;20;4;3;80;2;2;1;2;2;2;2
46;Non;Voyage_rarement;168;Ventes;4;2;Marketing;1280;4;Femme;33;2;5;Manager;2;Marié;18789;9946;2;No;14;3;3;80;26;2;3;11;4;0;8
34;Non;Voyage_rarement;131;Ventes;2;3;Marketing;1281;3;Femme;86;3;2;Sales Executive;1;célibataire;4538;6039;0;Yes;12;3;4;80;4;3;3;3;2;0;2
51;Non;Voyage_fréquemment;237;Ventes;9;3;Sciences;1282;4;Homme;83;3;5;Manager;2;Divorcé;19847;19196;4;Yes;24;4;1;80;31;5;2;29;10;11;10
59;Non;Voyage_rarement;1429;R&D;18;4;Medecine;1283;4;Homme;67;3;3;Manufacturing Director;4;célibataire;10512;20002;6;No;12;3;4;80;25;6;2;9;7;5;4
34;Non;Voyage_fréquemment;135;R&D;19;3;Medecine;1285;3;Femme;46;3;2;Laboratory Technician;2;Divorcé;4444;22534;4;No;13;3;3;80;15;2;4;11;8;5;10
28;Non;Voyage_fréquemment;791;R&D;1;4;Medecine;1286;4;Homme;44;3;1;Laboratory Technician;3;célibataire;2154;6842;0;Yes;11;3;3;80;5;2;2;4;2;0;2
44;Non;Voyage_rarement;1199;R&D;4;2;Sciences;1288;3;Homme;92;4;5;Manager;1;Divorcé;19190;17477;1;No;14;3;4;80;26;4;2;25;9;14;13
34;Non;Voyage_fréquemment;648;RH;11;3;Sciences;1289;3;Homme;56;2;2;Human Resources;2;Marié;4490;21833;4;No;11;3;4;80;14;5;4;10;9;1;8
35;Non;Voyage_rarement;735;R&D;6;1;Sciences;1291;3;Homme;66;3;1;Research Scientist;3;Marié;3506;6020;0;Yes;14;3;4;80;4;3;3;3;2;2;2
42;Non;Voyage_rarement;603;R&D;7;4;Medecine;1292;2;Femme;78;4;2;Research Scientist;2;Marié;2372;5628;6;Yes;16;3;4;80;18;2;3;1;0;0;0
43;Non;Voyage_rarement;531;Ventes;4;4;Marketing;1293;4;Femme;56;2;3;Sales Executive;4;célibataire;10231;20364;3;No;14;3;4;80;23;3;4;21;7;15;17
36;Non;Voyage_rarement;429;R&D;2;4;Sciences;1294;3;Femme;53;3;2;Manufacturing Director;2;célibataire;5410;2323;9;Yes;11;3;4;80;18;2;3;16;14;5;12
44;Oui;Voyage_rarement;621;R&D;15;3;Medecine;1295;1;Femme;73;3;3;Healthcare Representative;4;Marié;7978;14075;1;No;11;3;4;80;10;2;3;10;7;0;5
28;Non;Voyage_fréquemment;193;R&D;2;3;Sciences;1296;4;Homme;52;2;1;Laboratory Technician;4;Marié;3867;14222;1;Yes;12;3;2;80;2;2;3;2;2;2;2
51;Non;Voyage_fréquemment;968;R&D;6;2;Medecine;1297;2;Femme;40;2;1;Laboratory Technician;3;célibataire;2838;4257;0;No;14;3;2;80;8;6;2;7;0;7;7
30;Non;Voyage-pas;879;R&D;9;2;Medecine;1298;3;Femme;72;3;2;Manufacturing Director;3;célibataire;4695;12858;7;Yes;18;3;3;80;10;3;3;8;4;1;7
29;Oui;Voyage_rarement;806;R&D;7;3;Diplome technique;1299;2;Femme;39;3;1;Laboratory Technician;3;Divorcé;3339;17285;3;Yes;13;3;1;80;10;2;3;7;7;7;7
28;Non;Voyage_rarement;640;R&D;1;3;Diplome technique;1301;4;Homme;84;3;1;Research Scientist;1;célibataire;2080;4732;2;No;11;3;2;80;5;2;2;3;2;1;2
25;Non;Voyage_rarement;266;R&D;1;3;Medecine;1303;4;Femme;40;3;1;Research Scientist;2;célibataire;2096;18830;1;No;18;3;4;80;2;3;2;2;2;2;1
32;Non;Voyage_rarement;604;Ventes;8;3;Medecine;1304;3;Homme;56;4;2;Sales Executive;4;Marié;6209;11693;1;No;15;3;3;80;10;4;4;10;7;0;8
45;Non;Voyage_fréquemment;364;R&D;25;3;Medecine;1306;2;Femme;83;3;5;Manager;2;célibataire;18061;13035;3;No;22;4;3;80;22;4;3;0;0;0;0
39;Non;Voyage_rarement;412;R&D;13;4;Medecine;1307;3;Femme;94;2;4;Manager;2;Divorcé;17123;17334;6;Yes;13;3;4;80;21;4;3;19;9;15;2
58;Non;Voyage_rarement;848;R&D;23;4;Sciences;1308;1;Homme;88;3;1;Research Scientist;3;Divorcé;2372;26076;1;No;12;3;4;80;2;3;3;2;2;2;2
32;Oui;Voyage_rarement;1089;R&D;7;2;Sciences;1309;4;Homme;79;3;2;Laboratory Technician;3;Marié;4883;22845;1;No;18;3;1;80;10;3;3;10;4;1;1
39;Oui;Voyage_rarement;360;R&D;23;3;Medecine;1310;3;Homme;93;3;1;Research Scientist;1;célibataire;3904;22154;0;No;13;3;1;80;6;2;3;5;2;0;3
30;Non;Voyage_rarement;1138;R&D;6;3;Diplome technique;1311;1;Femme;48;2;2;Laboratory Technician;4;Marié;4627;23631;0;No;12;3;1;80;10;6;3;9;2;6;7
36;Non;Voyage_rarement;325;R&D;10;4;Diplome technique;1312;4;Femme;63;3;3;Healthcare Representative;3;Marié;7094;5747;3;No;12;3;1;80;10;0;3;7;7;1;7
46;Non;Voyage_rarement;991;RH;1;2;Sciences;1314;4;Femme;44;3;1;Human Resources;1;célibataire;3423;22957;6;No;12;3;3;80;10;3;4;7;6;5;7
28;Non;Voyage-pas;1476;R&D;1;3;Sciences;1315;3;Femme;55;1;2;Laboratory Technician;4;Marié;6674;16392;0;No;11;3;1;80;10;6;3;9;8;7;5
50;Non;Voyage_rarement;1322;R&D;28;3;Sciences;1317;4;Femme;43;3;4;Research Director;1;Marié;16880;22422;4;Yes;11;3;2;80;25;2;3;3;2;1;2
40;Oui;Voyage_rarement;299;Ventes;25;4;Marketing;1318;4;Homme;57;2;3;Sales Executive;2;célibataire;9094;17235;2;Yes;12;3;3;80;9;2;3;5;4;1;0
52;Oui;Voyage_rarement;1030;Ventes;5;3;Sciences;1319;2;Homme;64;3;3;Sales Executive;2;célibataire;8446;21534;9;Yes;19;3;3;80;10;2;2;8;7;7;7
30;Non;Voyage_rarement;634;R&D;17;4;Medecine;1321;2;Femme;95;3;3;Manager;1;Marié;11916;25927;1;Yes;23;4;4;80;9;2;3;9;1;0;8
39;Non;Voyage_rarement;524;R&D;18;2;Sciences;1322;1;Homme;32;3;2;Manufacturing Director;3;célibataire;4534;13352;0;No;11;3;1;80;9;6;3;8;7;1;7
31;Non;Voyage-pas;587;Ventes;2;4;Sciences;1324;4;Femme;57;3;3;Sales Executive;3;Divorcé;9852;8935;1;Yes;19;3;1;80;10;5;2;10;8;9;6
41;Non;Voyage-pas;256;Ventes;10;2;Medecine;1329;3;Homme;40;1;2;Sales Executive;2;célibataire;6151;22074;1;No;13;3;1;80;19;4;3;19;2;11;9
31;Oui;Voyage_fréquemment;1060;Ventes;1;3;Sciences;1331;4;Femme;54;3;1;Sales Representative;2;célibataire;2302;8319;1;Yes;11;3;1;80;3;2;4;3;2;2;2
44;Oui;Voyage_rarement;935;R&D;3;3;Sciences;1333;1;Homme;89;3;1;Laboratory Technician;1;Marié;2362;14669;4;No;12;3;3;80;10;4;4;3;2;1;2
42;Non;Voyage-pas;495;R&D;2;1;Sciences;1334;3;Homme;37;3;4;Manager;3;Marié;17861;26582;0;Yes;13;3;4;80;21;3;2;20;8;2;10
55;Non;Voyage_rarement;282;R&D;2;2;Medecine;1336;4;Femme;58;1;5;Manager;3;Marié;19187;6992;4;No;14;3;4;80;23;5;3;19;9;9;11
56;Non;Voyage_rarement;206;RH;8;4;Sciences;1338;4;Homme;99;3;5;Manager;2;célibataire;19717;4022;6;No;14;3;1;80;36;4;3;7;3;7;7
40;Non;Voyage-pas;458;R&D;16;2;Sciences;1340;3;Homme;74;3;1;Research Scientist;3;Divorcé;3544;8532;9;No;16;3;2;80;6;0;3;4;2;0;0
34;Non;Voyage_rarement;943;R&D;9;3;Sciences;1344;4;Homme;86;3;3;Healthcare Representative;4;Divorcé;8500;5494;0;No;11;3;4;80;10;0;2;9;7;1;6
40;Non;Voyage_rarement;523;R&D;2;3;Sciences;1346;3;Homme;98;3;2;Research Scientist;4;célibataire;4661;22455;1;No;13;3;3;80;9;4;3;9;8;8;8
41;Non;Voyage_fréquemment;1018;Ventes;1;3;Marketing;1349;3;Femme;66;3;2;Sales Executive;1;Divorcé;4103;4297;0;No;17;3;4;80;10;2;3;9;3;1;7
35;Non;Voyage_fréquemment;482;R&D;4;4;Sciences;1350;3;Homme;87;3;2;Research Scientist;3;célibataire;4249;2690;1;Yes;11;3;2;80;9;3;3;9;6;1;1
51;Non;Voyage_rarement;770;RH;5;3;Sciences;1352;3;Homme;84;3;4;Manager;2;Divorcé;14026;17588;1;Yes;11;3;2;80;33;2;3;33;9;0;10
38;Non;Voyage_rarement;1009;Ventes;2;2;Sciences;1355;2;Femme;31;3;2;Sales Executive;1;Divorcé;6893;19461;3;No;15;3;4;80;11;3;3;7;7;1;7
34;Non;Voyage_rarement;507;Ventes;15;2;Medecine;1356;3;Femme;66;3;2;Sales Executive;1;célibataire;6125;23553;1;No;12;3;4;80;10;6;4;10;8;9;6
25;Non;Voyage_rarement;882;R&D;19;1;Medecine;1358;4;Homme;67;3;1;Laboratory Technician;4;Marié;3669;9075;3;No;11;3;3;80;7;6;2;3;2;1;2
58;Oui;Voyage_rarement;601;R&D;7;4;Medecine;1360;3;Femme;53;2;3;Manufacturing Director;1;Marié;10008;12023;7;Yes;14;3;4;80;31;0;2;10;9;5;9
40;Non;Voyage_rarement;329;R&D;1;4;Sciences;1361;2;Homme;88;3;1;Laboratory Technician;2;Marié;2387;6762;3;No;22;4;3;80;7;3;3;4;2;0;3
36;Non;Voyage_fréquemment;607;Ventes;7;3;Marketing;1362;1;Femme;83;4;2;Sales Executive;1;Marié;4639;2261;2;No;16;3;4;80;17;2;2;15;7;6;13
48;Non;Voyage_rarement;855;R&D;4;3;Sciences;1363;4;Homme;54;3;3;Manufacturing Director;4;célibataire;7898;18706;1;No;11;3;3;80;11;2;3;10;9;0;8
27;Non;Voyage_rarement;1291;Ventes;11;3;Medecine;1364;3;Femme;98;4;1;Sales Representative;4;Marié;2534;6527;8;No;14;3;2;80;5;4;3;1;0;0;0
51;Non;Voyage_rarement;1405;R&D;11;2;Diplome technique;1367;4;Femme;82;2;4;Manufacturing Director;2;célibataire;13142;24439;3;No;16;3;2;80;29;1;2;5;2;0;3
18;Non;Voyage-pas;1124;R&D;1;3;Sciences;1368;4;Femme;97;3;1;Laboratory Technician;4;célibataire;1611;19305;1;No;15;3;3;80;0;5;4;0;0;0;0
35;Non;Voyage_rarement;817;R&D;1;3;Medecine;1369;4;Femme;60;2;2;Laboratory Technician;4;Marié;5363;10846;0;No;12;3;2;80;10;0;3;9;7;0;0
27;Non;Voyage_fréquemment;793;Ventes;2;1;Sciences;1371;4;Homme;43;1;2;Sales Executive;4;célibataire;5071;20392;3;No;20;4;2;80;8;3;3;6;2;0;0
55;Oui;Voyage_rarement;267;Ventes;13;4;Marketing;1372;1;Homme;85;4;4;Sales Executive;3;célibataire;13695;9277;6;Yes;17;3;3;80;24;2;2;19;7;3;8
56;Non;Voyage_rarement;1369;R&D;23;3;Sciences;1373;4;Homme;68;3;4;Manufacturing Director;2;Marié;13402;18235;4;Yes;12;3;1;80;33;0;3;19;16;15;9
34;Non;Voyage-pas;999;R&D;26;1;Diplome technique;1374;1;Femme;92;2;1;Research Scientist;3;Divorcé;2029;15891;1;No;20;4;3;80;5;2;3;5;4;0;0
40;Non;Voyage_rarement;1202;R&D;2;1;Medecine;1375;2;Femme;89;4;2;Healthcare Representative;3;Divorcé;6377;13888;5;No;20;4;2;80;15;0;3;12;11;11;8
34;Non;Voyage_rarement;285;R&D;29;3;Medecine;1377;2;Homme;86;3;2;Laboratory Technician;3;Marié;5429;17491;4;No;13;3;1;80;10;1;3;8;7;7;7
31;Oui;Voyage_fréquemment;703;Ventes;2;3;Sciences;1379;3;Femme;90;2;1;Sales Representative;4;célibataire;2785;11882;7;No;14;3;3;80;3;3;4;1;0;0;0
35;Oui;Voyage_fréquemment;662;Ventes;18;4;Marketing;1380;4;Femme;67;3;2;Sales Executive;3;Marié;4614;23288;0;Yes;18;3;3;80;5;0;2;4;2;3;2
38;Non;Voyage_fréquemment;693;R&D;7;3;Sciences;1382;4;Homme;57;4;1;Research Scientist;3;Divorcé;2610;15748;1;No;11;3;4;80;4;2;3;4;2;0;3
34;Non;Voyage_rarement;404;R&D;2;4;Diplome technique;1383;3;Femme;98;3;2;Healthcare Representative;4;célibataire;6687;6163;1;No;11;3;4;80;14;2;4;14;11;4;11
28;Non;Voyage_rarement;736;Ventes;26;3;Sciences;1387;3;Homme;48;2;2;Sales Executive;1;Marié;4724;24232;1;No;11;3;3;80;5;0;3;5;3;0;4
31;Oui;Voyage_rarement;330;R&D;22;4;Medecine;1389;4;Homme;98;3;2;Manufacturing Director;3;Marié;6179;21057;1;Yes;15;3;4;80;10;3;2;10;2;6;7
39;Non;Voyage_rarement;1498;Ventes;21;4;Sciences;1390;1;Homme;44;2;2;Sales Executive;4;Marié;6120;3567;3;Yes;12;3;4;80;8;2;4;5;4;1;4
51;Non;Voyage_fréquemment;541;Ventes;2;3;Marketing;1391;2;Homme;52;3;3;Sales Executive;2;Marié;10596;15395;2;No;11;3;2;80;14;5;3;4;2;3;2
41;Non;Voyage_fréquemment;1200;R&D;22;3;Sciences;1392;4;Femme;75;3;2;Research Scientist;4;Divorcé;5467;13953;3;Yes;14;3;1;80;12;4;2;6;2;3;3
37;Non;Voyage_rarement;1439;R&D;4;1;Sciences;1394;3;Homme;54;3;1;Research Scientist;3;Marié;2996;5182;7;Yes;15;3;4;80;8;2;3;6;4;1;3
33;Non;Voyage_fréquemment;1111;Ventes;5;1;Sciences;1395;2;Homme;61;3;2;Sales Executive;4;Marié;9998;19293;6;No;13;3;1;80;8;2;4;5;4;1;2
32;Non;Voyage_rarement;499;Ventes;2;1;Marketing;1396;3;Homme;36;3;2;Sales Executive;2;Marié;4078;20497;0;Yes;13;3;1;80;4;3;2;3;2;1;2
39;Non;Voyage-pas;1485;R&D;25;2;Sciences;1397;3;Homme;71;3;3;Healthcare Representative;3;Marié;10920;3449;3;No;21;4;2;80;13;2;3;6;4;0;5
25;Non;Voyage_rarement;1372;Ventes;18;1;Sciences;1399;1;Homme;93;4;2;Sales Executive;3;Marié;6232;12477;2;No;11;3;2;80;6;3;2;3;2;1;2
52;Non;Voyage_fréquemment;322;R&D;28;2;Medecine;1401;4;Femme;59;4;4;Manufacturing Director;3;Marié;13247;9731;2;Yes;11;3;2;80;24;3;2;5;3;0;2
43;Non;Voyage_rarement;930;R&D;6;3;Medecine;1402;1;Femme;73;2;2;Research Scientist;3;célibataire;4081;20003;1;Yes;14;3;1;80;20;3;1;20;7;1;8
27;Non;Voyage_rarement;205;Ventes;10;3;Marketing;1403;4;Femme;98;2;2;Sales Executive;4;Marié;5769;7100;1;Yes;11;3;4;80;6;3;3;6;2;4;4
27;Oui;Voyage_rarement;135;R&D;17;4;Sciences;1405;4;Femme;51;3;1;Research Scientist;3;célibataire;2394;25681;1;Yes;13;3;4;80;8;2;3;8;2;7;7
26;Non;Voyage_rarement;683;R&D;2;1;Medecine;1407;1;Homme;36;2;1;Research Scientist;4;célibataire;3904;4050;0;No;12;3;4;80;5;2;3;4;3;1;1
42;Non;Voyage_rarement;1147;RH;10;3;RH;1408;3;Femme;31;3;4;Manager;1;Marié;16799;16616;0;No;14;3;3;80;21;5;3;20;7;0;9
52;Non;Voyage_rarement;258;R&D;8;4;Autres;1409;3;Femme;54;3;1;Laboratory Technician;1;Marié;2950;17363;9;No;13;3;3;80;12;2;1;5;4;0;4
37;Non;Voyage_rarement;1462;R&D;11;3;Medecine;1411;1;Femme;94;3;1;Laboratory Technician;3;célibataire;3629;19106;4;No;18;3;1;80;8;6;3;3;2;0;2
35;Non;Voyage_fréquemment;200;R&D;18;2;Sciences;1412;3;Homme;60;3;3;Manufacturing Director;4;célibataire;9362;19944;2;No;11;3;3;80;10;2;3;2;2;2;2
25;Non;Voyage_rarement;949;R&D;1;3;Diplome technique;1415;1;Homme;81;3;1;Laboratory Technician;4;Marié;3229;4910;4;No;11;3;2;80;7;2;2;3;2;0;2
26;Non;Voyage_rarement;652;R&D;7;3;Autres;1417;3;Homme;100;4;1;Laboratory Technician;1;célibataire;3578;23577;0;No;12;3;4;80;8;2;3;7;7;0;7
29;Non;Voyage_rarement;332;RH;17;3;Autres;1419;2;Homme;51;2;3;Human Resources;1;célibataire;7988;9769;1;No;13;3;1;80;10;3;2;10;9;0;9
49;Oui;Voyage_fréquemment;1475;R&D;28;2;Sciences;1420;1;Homme;97;2;2;Laboratory Technician;1;célibataire;4284;22710;3;No;20;4;1;80;20;2;3;4;3;1;3
29;Oui;Voyage_fréquemment;337;R&D;14;1;Autres;1421;3;Femme;84;3;3;Healthcare Representative;4;célibataire;7553;22930;0;Yes;12;3;1;80;9;1;3;8;7;7;7
54;Non;Voyage_rarement;971;R&D;1;3;Medecine;1422;4;Femme;54;3;4;Research Director;4;célibataire;17328;5652;6;No;19;3;4;80;29;3;2;20;7;12;7
58;Non;Voyage_rarement;1055;R&D;1;3;Medecine;1423;4;Femme;76;3;5;Research Director;1;Marié;19701;22456;3;Yes;21;4;3;80;32;3;3;9;8;1;5
55;Non;Voyage_rarement;1136;R&D;1;4;Medecine;1424;2;Homme;81;4;4;Research Director;4;Divorcé;14732;12414;2;No;13;3;4;80;31;4;4;7;7;0;0
36;Non;Voyage_rarement;1174;Ventes;3;4;Marketing;1425;1;Femme;99;3;2;Sales Executive;2;célibataire;9278;20763;3;Yes;16;3;4;80;15;3;3;5;4;0;1
31;Oui;Voyage_fréquemment;667;Ventes;1;4;Sciences;1427;2;Femme;50;1;1;Sales Representative;3;célibataire;1359;16154;1;No;12;3;2;80;1;3;3;1;0;0;0
30;Non;Voyage_rarement;855;Ventes;7;4;Marketing;1428;4;Femme;73;3;2;Sales Executive;1;Divorcé;4779;12761;7;No;14;3;2;80;8;3;3;3;2;0;2
31;Non;Voyage_rarement;182;R&D;8;5;Sciences;1430;1;Femme;93;3;4;Research Director;2;célibataire;16422;8847;3;No;11;3;3;80;9;3;4;3;2;1;0
34;Non;Voyage_fréquemment;560;R&D;1;4;Autres;1431;4;Homme;91;3;1;Research Scientist;1;Divorcé;2996;20284;5;No;14;3;3;80;10;2;3;4;3;1;3
31;Oui;Voyage_rarement;202;R&D;8;3;Sciences;1433;1;Femme;34;2;1;Research Scientist;2;célibataire;1261;22262;1;No;12;3;3;80;1;3;4;1;0;0;0
27;Non;Voyage_rarement;1377;R&D;11;1;Sciences;1434;2;Homme;91;3;1;Laboratory Technician;1;Marié;2099;7679;0;No;14;3;2;80;6;3;4;5;0;1;4
36;Non;Voyage_rarement;172;R&D;4;4;Sciences;1435;1;Homme;37;2;2;Laboratory Technician;4;célibataire;5810;22604;1;No;16;3;3;80;10;2;2;10;4;1;8
36;Non;Voyage_rarement;329;Ventes;16;4;Marketing;1436;3;Femme;98;2;2;Sales Executive;1;Marié;5647;13494;4;No;13;3;1;80;11;3;2;3;2;0;2
47;Non;Voyage_rarement;465;R&D;1;3;Diplome technique;1438;1;Homme;74;3;1;Research Scientist;4;Marié;3420;10205;7;No;12;3;3;80;17;2;2;6;5;1;2
25;Oui;Voyage_rarement;383;Ventes;9;2;Sciences;1439;1;Homme;68;2;1;Sales Representative;1;Marié;4400;15182;3;No;12;3;1;80;6;2;3;3;2;2;2
37;Non;Voyage-pas;1413;R&D;5;2;Diplome technique;1440;3;Homme;84;4;1;Laboratory Technician;3;célibataire;3500;25470;0;No;14;3;1;80;7;2;1;6;5;1;3
56;Non;Voyage_rarement;1255;R&D;1;2;Sciences;1441;1;Femme;90;3;1;Research Scientist;1;Marié;2066;10494;2;No;22;4;4;80;5;3;4;3;2;1;0
47;Non;Voyage_rarement;359;R&D;2;4;Medecine;1443;1;Femme;82;3;4;Research Director;3;Marié;17169;26703;3;No;19;3;2;80;26;2;4;20;17;5;6
24;Non;Voyage_rarement;1476;Ventes;4;1;Medecine;1445;4;Femme;42;3;2;Sales Executive;3;Marié;4162;15211;1;Yes;12;3;3;80;5;3;3;5;4;0;3
32;Non;Voyage_rarement;601;Ventes;7;5;Marketing;1446;4;Homme;97;3;2;Sales Executive;4;Marié;9204;23343;4;No;12;3;3;80;7;3;2;4;3;0;3
34;Non;Voyage_rarement;401;R&D;1;3;Sciences;1447;4;Femme;86;2;1;Laboratory Technician;2;Marié;3294;3708;5;No;17;3;1;80;7;2;2;5;4;0;2
41;Non;Voyage_rarement;1283;R&D;5;5;Medecine;1448;2;Homme;90;4;1;Research Scientist;3;Marié;2127;5561;2;Yes;12;3;1;80;7;5;2;4;2;0;3
40;Non;Voyage-pas;663;R&D;9;4;Autres;1449;3;Homme;81;3;2;Laboratory Technician;3;Divorcé;3975;23099;3;No;11;3;3;80;11;2;4;8;7;0;7
31;Non;Voyage_rarement;326;Ventes;8;2;Sciences;1453;1;Homme;31;3;3;Sales Executive;4;Divorcé;10793;8386;1;No;18;3;1;80;13;5;3;13;7;9;9
46;Oui;Voyage_rarement;377;Ventes;9;3;Marketing;1457;1;Homme;52;3;3;Sales Executive;4;Divorcé;10096;15986;4;No;11;3;1;80;28;1;4;7;7;4;3
39;Oui;Voyage-pas;592;R&D;2;3;Sciences;1458;1;Femme;54;2;1;Laboratory Technician;1;célibataire;3646;17181;2;Yes;23;4;2;80;11;2;4;1;0;0;0
31;Oui;Voyage_fréquemment;1445;R&D;1;5;Sciences;1459;3;Femme;100;4;3;Manufacturing Director;2;célibataire;7446;8931;1;No;11;3;1;80;10;2;3;10;8;4;7
45;Non;Voyage_rarement;1038;R&D;20;3;Medecine;1460;2;Homme;95;1;3;Healthcare Representative;1;Divorcé;10851;19863;2;Yes;18;3;2;80;24;2;3;7;7;0;7
31;Non;Voyage_rarement;1398;RH;8;2;Medecine;1461;4;Femme;96;4;1;Human Resources;2;célibataire;2109;24609;9;No;18;3;4;80;8;3;3;3;2;0;2
31;Oui;Voyage_fréquemment;523;R&D;2;3;Sciences;1464;2;Homme;94;3;1;Laboratory Technician;4;Marié;3722;21081;6;Yes;13;3;3;80;7;2;1;2;2;2;2
45;Non;Voyage_rarement;1448;R&D;29;3;Diplome technique;1465;2;Homme;55;3;3;Manufacturing Director;4;Marié;9380;14720;4;Yes;18;3;4;80;10;4;4;3;1;1;2
48;Non;Voyage_rarement;1221;Ventes;7;3;Marketing;1466;3;Homme;96;3;2;Sales Executive;1;Divorcé;5486;24795;4;No;11;3;1;80;15;3;3;2;2;2;2
34;Oui;Voyage_rarement;1107;RH;9;4;Diplome technique;1467;1;Femme;52;3;1;Human Resources;3;Marié;2742;3072;1;No;15;3;4;80;2;0;3;2;2;2;2
40;Non;Voyage-pas;218;R&D;8;1;Medecine;1468;4;Homme;55;2;3;Research Director;2;Divorcé;13757;25178;2;No;11;3;3;80;16;5;3;9;8;4;8
28;Non;Voyage_rarement;866;Ventes;5;3;Medecine;1469;4;Homme;84;3;2;Sales Executive;1;célibataire;8463;23490;0;No;18;3;4;80;6;4;3;5;4;1;3
44;Non;Voyage-pas;981;R&D;5;3;Sciences;1471;3;Homme;90;2;1;Laboratory Technician;3;célibataire;3162;7973;3;No;14;3;4;80;7;5;3;5;2;0;3
53;Non;Voyage_rarement;447;R&D;2;3;Medecine;1472;4;Homme;39;4;4;Research Director;2;célibataire;16598;19764;4;No;12;3;2;80;35;2;2;9;8;8;8
49;Non;Voyage_rarement;1495;R&D;5;4;Diplome technique;1473;1;Homme;96;3;2;Healthcare Representative;3;Marié;6651;21534;2;No;14;3;2;80;20;0;2;3;2;1;2
40;Non;Voyage_rarement;896;R&D;2;3;Medecine;1474;3;Homme;68;3;1;Research Scientist;3;Divorcé;2345;8045;2;No;14;3;3;80;8;3;4;3;1;1;2
44;Non;Voyage_rarement;1467;R&D;20;3;Sciences;1475;4;Homme;49;3;1;Research Scientist;2;célibataire;3420;21158;1;No;13;3;3;80;6;3;2;5;2;1;3
33;Non;Voyage_fréquemment;430;Ventes;7;3;Medecine;1477;4;Homme;54;3;2;Sales Executive;1;Marié;4373;17456;0;No;14;3;1;80;5;2;3;4;3;0;3
34;Non;Voyage_rarement;1326;Ventes;3;3;Autres;1478;4;Homme;81;1;2;Sales Executive;1;célibataire;4759;15891;3;No;18;3;4;80;15;2;3;13;9;3;12
30;Non;Voyage_rarement;1358;Ventes;16;1;Sciences;1479;4;Homme;96;3;2;Sales Executive;3;Marié;5301;2939;8;No;15;3;3;80;4;2;2;2;1;2;2
42;Non;Voyage_fréquemment;748;R&D;9;2;Medecine;1480;1;Femme;74;3;1;Laboratory Technician;4;célibataire;3673;16458;1;No;13;3;3;80;12;3;3;12;9;5;8
44;Non;Voyage_fréquemment;383;Ventes;1;5;Marketing;1481;1;Femme;79;3;2;Sales Executive;3;Marié;4768;9282;7;No;12;3;3;80;11;4;2;1;0;0;0
30;Non;Voyage-pas;990;R&D;7;3;Diplome technique;1482;3;Homme;64;3;1;Research Scientist;3;Divorcé;1274;7152;1;No;13;3;2;80;1;2;2;1;0;0;0
57;Non;Voyage_rarement;405;R&D;1;2;Sciences;1483;2;Homme;93;4;2;Research Scientist;3;Marié;4900;2721;0;No;24;4;1;80;13;2;2;12;9;2;8
49;Non;Voyage_rarement;1490;R&D;7;4;Sciences;1484;3;Homme;35;3;3;Healthcare Representative;2;Divorcé;10466;20948;3;No;14;3;2;80;29;3;3;8;7;0;7
34;Non;Voyage_fréquemment;829;R&D;15;3;Medecine;1485;2;Homme;71;3;4;Research Director;1;Divorcé;17007;11929;7;No;14;3;4;80;16;3;2;14;8;6;9
28;Oui;Voyage_fréquemment;1496;Ventes;1;3;Diplome technique;1486;1;Homme;92;3;1;Sales Representative;3;Marié;2909;15747;3;No;15;3;4;80;5;3;4;3;2;1;2
29;Oui;Voyage_fréquemment;115;Ventes;13;3;Diplome technique;1487;1;Femme;51;3;2;Sales Executive;2;célibataire;5765;17485;5;No;11;3;1;80;7;4;1;5;3;0;0
34;Oui;Voyage_rarement;790;Ventes;24;4;Medecine;1489;1;Femme;40;2;2;Sales Executive;2;célibataire;4599;7815;0;Yes;23;4;3;80;16;2;4;15;9;10;10
35;Non;Voyage_rarement;660;Ventes;7;1;Sciences;1492;4;Homme;76;3;1;Sales Representative;3;Marié;2404;16192;1;No;13;3;1;80;1;3;3;1;0;0;0
24;Oui;Voyage_fréquemment;381;R&D;9;3;Medecine;1494;2;Homme;89;3;1;Laboratory Technician;1;célibataire;3172;16998;2;Yes;11;3;3;80;4;2;2;0;0;0;0
24;Non;Voyage-pas;830;Ventes;13;2;Sciences;1495;4;Femme;78;3;1;Sales Representative;2;Marié;2033;7103;1;No;13;3;3;80;1;2;3;1;0;0;0
44;Non;Voyage_fréquemment;1193;R&D;2;1;Medecine;1496;2;Homme;86;3;3;Manufacturing Director;3;célibataire;10209;19719;5;Yes;18;3;2;80;16;2;2;2;2;2;2
29;Non;Voyage_rarement;1246;Ventes;19;3;Sciences;1497;3;Homme;77;2;2;Sales Executive;3;Divorcé;8620;23757;1;No;14;3;3;80;10;3;3;10;7;0;4
30;Non;Voyage_rarement;330;RH;1;3;Sciences;1499;3;Homme;46;3;1;Human Resources;3;Divorcé;2064;15428;0;No;21;4;1;80;6;3;4;5;3;1;3
55;Non;Voyage_rarement;1229;R&D;4;4;Sciences;1501;4;Homme;30;3;2;Healthcare Representative;3;Marié;4035;16143;0;Yes;16;3;2;80;4;2;3;3;2;1;2
33;Non;Voyage_rarement;1099;R&D;4;4;Medecine;1502;1;Femme;82;2;1;Laboratory Technician;2;Marié;3838;8192;8;No;11;3;4;80;8;5;3;5;4;0;2
47;Non;Voyage_rarement;571;Ventes;14;3;Medecine;1503;3;Femme;78;3;2;Sales Executive;3;Marié;4591;24200;3;Yes;17;3;3;80;11;4;2;5;4;1;2
28;Oui;Voyage_fréquemment;289;R&D;2;2;Medecine;1504;3;Homme;38;2;1;Laboratory Technician;1;célibataire;2561;5355;7;No;11;3;3;80;8;2;2;0;0;0;0
28;Non;Voyage_rarement;1423;R&D;1;3;Sciences;1506;1;Homme;72;2;1;Research Scientist;3;Divorcé;1563;12530;1;No;14;3;4;80;1;2;1;1;0;0;0
28;Non;Voyage_fréquemment;467;Ventes;7;3;Sciences;1507;3;Homme;55;3;2;Sales Executive;1;célibataire;4898;11827;0;No;14;3;4;80;5;5;3;4;2;1;3
49;Non;Voyage_rarement;271;R&D;3;2;Medecine;1509;3;Femme;43;2;2;Laboratory Technician;1;Marié;4789;23070;4;No;25;4;1;80;10;3;3;3;2;1;2
29;Non;Voyage_fréquemment;410;R&D;2;1;Sciences;1513;4;Femme;97;3;1;Laboratory Technician;2;Marié;3180;4668;0;No;13;3;3;80;4;3;3;3;2;0;2
28;Non;Voyage_rarement;1083;R&D;29;1;Sciences;1514;3;Homme;96;1;2;Manufacturing Director;2;Marié;6549;3173;1;No;14;3;2;80;8;2;2;8;6;1;7
33;Non;Voyage_rarement;516;R&D;8;5;Sciences;1515;4;Homme;69;3;2;Healthcare Representative;3;célibataire;6388;22049;2;Yes;17;3;1;80;14;6;3;0;0;0;0
32;Non;Voyage_rarement;495;R&D;10;3;Medecine;1516;3;Homme;64;3;3;Manager;4;célibataire;11244;21072;2;No;25;4;2;80;10;5;4;5;2;0;0
54;Non;Voyage_fréquemment;1050;R&D;11;4;Medecine;1520;2;Femme;87;3;4;Manager;4;Divorcé;16032;24456;3;No;20;4;1;80;26;2;3;14;9;1;12
29;Oui;Voyage_rarement;224;R&D;1;4;Diplome technique;1522;1;Homme;100;2;1;Research Scientist;1;célibataire;2362;7568;6;No;13;3;3;80;11;2;1;9;7;0;7
44;Non;Voyage_rarement;136;R&D;28;3;Sciences;1523;4;Homme;32;3;4;Research Director;1;Marié;16328;22074;3;No;13;3;3;80;24;1;4;20;6;14;17
39;Non;Voyage_rarement;1089;R&D;6;3;Sciences;1525;2;Femme;32;3;3;Manufacturing Director;2;célibataire;8376;9150;4;No;18;3;4;80;9;3;3;2;0;2;2
46;Non;Voyage_rarement;228;Ventes;3;3;Sciences;1527;3;Femme;51;3;4;Manager;2;Marié;16606;11380;8;No;12;3;4;80;23;2;4;13;12;5;1
35;Non;Voyage_rarement;1029;R&D;16;3;Sciences;1529;4;Femme;91;2;3;Healthcare Representative;2;célibataire;8606;21195;1;No;19;3;4;80;11;3;1;11;8;3;3
23;Non;Voyage_rarement;507;R&D;20;1;Sciences;1533;1;Homme;97;3;2;Laboratory Technician;3;célibataire;2272;24812;0;No;14;3;2;80;5;2;3;4;3;1;2
40;Oui;Voyage_rarement;676;R&D;9;4;Sciences;1534;4;Homme;86;3;1;Laboratory Technician;1;célibataire;2018;21831;3;No;14;3;2;80;15;3;1;5;4;1;0
34;Non;Voyage_rarement;971;Ventes;1;3;Diplome technique;1535;4;Homme;64;2;3;Sales Executive;3;Marié;7083;12288;1;Yes;14;3;4;80;10;3;3;10;9;8;6
31;Oui;Voyage_fréquemment;561;R&D;3;3;Sciences;1537;4;Femme;33;3;1;Research Scientist;3;célibataire;4084;4156;1;No;12;3;1;80;7;2;1;7;2;7;7
50;Non;Voyage_fréquemment;333;R&D;22;5;Medecine;1539;3;Homme;88;1;4;Research Director;4;célibataire;14411;24450;1;Yes;13;3;4;80;32;2;3;32;6;13;9
34;Non;Voyage_rarement;1440;Ventes;7;2;Diplome technique;1541;2;Homme;55;3;1;Sales Representative;3;Marié;2308;4944;0;Yes;25;4;2;80;12;4;3;11;10;5;7
42;Non;Voyage_rarement;1210;R&D;2;3;Medecine;1542;3;Homme;68;2;1;Laboratory Technician;2;Marié;4841;24052;4;No;14;3;2;80;4;3;3;1;0;0;0
37;Non;Voyage_rarement;674;R&D;13;3;Medecine;1543;1;Homme;47;3;2;Research Scientist;4;Marié;4285;3031;1;No;17;3;1;80;10;2;3;10;8;3;7
29;Non;Voyage_rarement;441;R&D;8;1;Autres;1544;3;Femme;39;1;2;Healthcare Representative;1;Marié;9715;7288;3;No;13;3;3;80;9;3;3;7;7;0;7
33;Non;Voyage_rarement;575;R&D;25;3;Sciences;1545;4;Homme;44;2;2;Manufacturing Director;2;célibataire;4320;24152;1;No;13;3;4;80;5;2;3;5;3;0;2
45;Non;Voyage_rarement;950;R&D;28;3;Diplome technique;1546;4;Homme;97;3;1;Research Scientist;4;Marié;2132;4585;4;No;20;4;4;80;8;3;3;5;4;0;3
42;Non;Voyage_fréquemment;288;R&D;2;3;Sciences;1547;4;Homme;40;3;3;Healthcare Representative;4;Marié;10124;18611;2;Yes;14;3;3;80;24;3;1;20;8;13;9
40;Non;Voyage_rarement;1342;Ventes;9;2;Medecine;1548;1;Homme;47;3;2;Sales Executive;1;Marié;5473;19345;0;No;12;3;4;80;9;5;4;8;4;7;1
33;Non;Voyage_rarement;589;R&D;28;4;Sciences;1549;2;Homme;79;3;2;Laboratory Technician;3;Marié;5207;22949;1;Yes;12;3;2;80;15;3;3;15;14;5;7
40;Non;Voyage_rarement;898;RH;6;2;Medecine;1550;3;Homme;38;3;4;Manager;4;célibataire;16437;17381;1;Yes;21;4;4;80;21;2;3;21;7;7;7
24;Non;Voyage_rarement;350;R&D;21;2;Diplome technique;1551;3;Homme;57;2;1;Laboratory Technician;1;Divorcé;2296;10036;0;No;14;3;2;80;2;3;3;1;1;0;0
40;Non;Voyage-pas;1142;R&D;8;2;Sciences;1552;4;Homme;72;3;2;Healthcare Representative;4;Divorcé;4069;8841;3;Yes;18;3;3;80;8;2;3;2;2;2;2
45;Non;Voyage_rarement;538;R&D;1;4;Diplome technique;1553;1;Homme;66;3;3;Healthcare Representative;2;Divorcé;7441;20933;1;No;12;3;1;80;10;4;3;10;8;7;7
35;Non;Voyage_rarement;1402;Ventes;28;4;Sciences;1554;2;Femme;98;2;1;Sales Representative;3;Marié;2430;26204;0;No;23;4;1;80;6;5;3;5;3;4;2
32;Non;Voyage_rarement;824;R&D;5;2;Sciences;1555;4;Femme;67;2;2;Research Scientist;2;Marié;5878;15624;3;No;12;3;1;80;12;2;3;7;1;2;5
36;Non;Voyage_rarement;1157;Ventes;2;4;Sciences;1556;3;Homme;70;3;1;Sales Representative;4;célibataire;2644;17001;3;Yes;21;4;4;80;7;3;2;3;2;1;2
48;Non;Voyage_rarement;492;Ventes;16;4;Sciences;1557;3;Femme;96;3;2;Sales Executive;3;Divorcé;6439;13693;8;No;14;3;3;80;18;2;3;8;7;7;7
29;Non;Voyage_rarement;598;R&D;9;3;Sciences;1558;3;Homme;91;4;1;Research Scientist;3;Marié;2451;22376;6;No;18;3;1;80;5;2;2;1;0;0;0
33;Non;Voyage_rarement;1242;Ventes;8;4;Sciences;1560;1;Homme;46;3;2;Sales Executive;1;Marié;6392;10589;2;No;13;3;4;80;8;6;1;2;2;2;2
30;Oui;Voyage_rarement;740;Ventes;1;3;Sciences;1562;2;Homme;64;2;2;Sales Executive;1;Marié;9714;5323;1;No;11;3;4;80;10;4;3;10;8;6;7
38;Non;Voyage_fréquemment;888;RH;10;4;RH;1563;3;Homme;71;3;2;Human Resources;3;Marié;6077;14814;3;No;11;3;3;80;10;2;3;6;3;1;2
35;Non;Voyage_rarement;992;R&D;1;3;Medecine;1564;4;Homme;68;2;1;Laboratory Technician;1;célibataire;2450;21731;1;No;19;3;2;80;3;3;3;3;0;1;2
30;Non;Voyage_rarement;1288;Ventes;29;4;Diplome technique;1568;3;Homme;33;3;3;Sales Executive;2;Marié;9250;17799;3;No;12;3;2;80;9;3;3;4;2;1;3
35;Oui;Voyage_rarement;104;R&D;2;3;Sciences;1569;1;Femme;69;3;1;Laboratory Technician;1;Divorcé;2074;26619;1;Yes;12;3;4;80;1;2;3;1;0;0;0
53;Oui;Voyage_rarement;607;R&D;2;5;Diplome technique;1572;3;Femme;78;2;3;Manufacturing Director;4;Marié;10169;14618;0;No;16;3;2;80;34;4;3;33;7;1;9
38;Oui;Voyage_rarement;903;R&D;2;3;Medecine;1573;3;Homme;81;3;2;Manufacturing Director;2;Marié;4855;7653;4;No;11;3;1;80;7;2;3;5;2;1;4
32;Non;Voyage-pas;1200;R&D;1;4;Diplome technique;1574;4;Homme;62;3;2;Research Scientist;1;Marié;4087;25174;4;No;14;3;2;80;9;3;2;6;5;1;2
48;Non;Voyage_rarement;1108;R&D;15;4;Autres;1576;3;Femme;65;3;1;Research Scientist;1;Marié;2367;16530;8;No;12;3;4;80;10;3;2;8;2;7;6
34;Non;Voyage_rarement;479;R&D;7;4;Medecine;1577;1;Homme;35;3;1;Research Scientist;4;célibataire;2972;22061;1;No;13;3;3;80;1;4;1;1;0;0;0
55;Non;Voyage_rarement;685;Ventes;26;5;Marketing;1578;3;Homme;60;2;5;Manager;4;Marié;19586;23037;1;No;21;4;3;80;36;3;3;36;6;2;13
34;Non;Voyage_rarement;1351;R&D;1;4;Sciences;1580;2;Homme;45;3;2;Research Scientist;4;Marié;5484;13008;9;No;17;3;2;80;9;3;2;2;2;2;1
26;Non;Voyage_rarement;474;R&D;3;3;Sciences;1581;1;Femme;89;3;1;Research Scientist;4;Marié;2061;11133;1;No;21;4;1;80;1;5;3;1;0;0;0
38;Non;Voyage_rarement;1245;Ventes;14;3;Sciences;1582;3;Homme;80;3;2;Sales Executive;2;Marié;9924;12355;0;No;11;3;4;80;10;3;3;9;8;7;7
38;Non;Voyage_rarement;437;Ventes;16;3;Sciences;1583;2;Femme;90;3;2;Sales Executive;2;célibataire;4198;16379;2;No;12;3;2;80;8;5;4;3;2;1;2
36;Non;Voyage_rarement;884;Ventes;1;4;Sciences;1585;2;Femme;73;3;2;Sales Executive;3;célibataire;6815;21447;6;No;13;3;1;80;15;5;3;1;0;0;0
29;Non;Voyage_rarement;1370;R&D;3;1;Medecine;1586;2;Homme;87;3;1;Laboratory Technician;1;célibataire;4723;16213;1;Yes;18;3;4;80;10;3;3;10;9;1;5
35;Non;Voyage_rarement;670;R&D;10;4;Medecine;1587;1;Femme;51;3;2;Healthcare Representative;3;célibataire;6142;4223;3;Yes;16;3;3;80;10;4;3;5;2;0;4
39;Non;Voyage_rarement;1462;Ventes;6;3;Medecine;1588;4;Homme;38;4;3;Sales Executive;3;Marié;8237;4658;2;No;11;3;1;80;11;3;3;7;6;7;6
29;Non;Voyage_fréquemment;995;R&D;2;1;Sciences;1590;1;Homme;87;3;2;Healthcare Representative;4;Divorcé;8853;24483;1;No;19;3;4;80;6;0;4;6;4;1;3
50;Non;Voyage_rarement;264;Ventes;9;3;Marketing;1591;3;Homme;59;3;5;Manager;3;Marié;19331;19519;4;Yes;16;3;3;80;27;2;3;1;0;0;0
23;Non;Voyage_rarement;977;R&D;10;3;Diplome technique;1592;4;Homme;45;4;1;Research Scientist;3;Marié;2073;12826;2;No;16;3;4;80;4;2;3;2;2;2;2
36;Non;Voyage_fréquemment;1302;R&D;6;4;Sciences;1594;1;Homme;80;4;2;Laboratory Technician;1;Marié;5562;19711;3;Yes;13;3;4;80;9;3;3;3;2;0;2
42;Non;Voyage_rarement;1059;R&D;9;2;Autres;1595;4;Homme;93;2;5;Manager;4;célibataire;19613;26362;8;No;22;4;4;80;24;2;3;1;0;0;1
35;Non;Voyage_rarement;750;R&D;28;3;Sciences;1596;2;Homme;46;4;2;Laboratory Technician;3;Marié;3407;25348;1;No;17;3;4;80;10;3;2;10;9;6;8
34;Non;Voyage_fréquemment;653;R&D;10;4;Diplome technique;1597;4;Homme;92;2;2;Healthcare Representative;3;Marié;5063;15332;1;No;14;3;2;80;8;3;2;8;2;7;7
40;Non;Voyage_rarement;118;Ventes;14;2;Sciences;1598;4;Femme;84;3;2;Sales Executive;1;Marié;4639;11262;1;No;15;3;3;80;5;2;3;5;4;1;2
43;Non;Voyage_rarement;990;R&D;27;3;Diplome technique;1599;4;Homme;87;4;1;Laboratory Technician;2;Divorcé;4876;5855;5;No;12;3;3;80;8;0;3;6;4;0;2
35;Non;Voyage_rarement;1349;R&D;7;2;Sciences;1601;3;Homme;63;2;1;Laboratory Technician;4;Marié;2690;7713;1;No;18;3;4;80;1;5;2;1;0;0;1
46;Non;Voyage_rarement;563;Ventes;1;4;Sciences;1602;4;Homme;56;4;4;Manager;1;célibataire;17567;3156;1;No;15;3;2;80;27;5;1;26;0;0;12
28;Oui;Voyage_rarement;329;R&D;24;3;Medecine;1604;3;Homme;51;3;1;Laboratory Technician;2;Marié;2408;7324;1;Yes;17;3;3;80;1;3;3;1;1;0;0
22;Non;Voyage-pas;457;R&D;26;2;Autres;1605;2;Femme;85;2;1;Research Scientist;3;Marié;2814;10293;1;Yes;14;3;2;80;4;2;2;4;2;1;3
50;Non;Voyage_fréquemment;1234;R&D;20;5;Medecine;1606;2;Homme;41;3;4;Healthcare Representative;3;Marié;11245;20689;2;Yes;15;3;3;80;32;3;3;30;8;12;13
32;Non;Voyage_rarement;634;R&D;5;4;Autres;1607;2;Femme;35;4;1;Research Scientist;4;Marié;3312;18783;3;No;17;3;4;80;6;3;3;3;2;0;2
44;Non;Voyage_rarement;1313;R&D;7;3;Medecine;1608;2;Femme;31;3;5;Research Director;4;Divorcé;19049;3549;0;Yes;14;3;4;80;23;4;2;22;7;1;10
30;Non;Voyage_rarement;241;R&D;7;3;Medecine;1609;2;Homme;48;2;1;Research Scientist;2;Marié;2141;5348;1;No;12;3;2;80;6;3;2;6;4;1;1
45;Non;Voyage_rarement;1015;R&D;5;5;Medecine;1611;3;Femme;50;1;2;Laboratory Technician;1;célibataire;5769;23447;1;Yes;14;3;1;80;10;3;3;10;7;1;4
45;Non;Voyage-pas;336;Ventes;26;3;Marketing;1612;1;Homme;52;2;2;Sales Executive;1;Marié;4385;24162;1;No;15;3;1;80;10;2;3;10;7;4;5
31;Non;Voyage_fréquemment;715;Ventes;2;4;Autres;1613;4;Homme;54;3;2;Sales Executive;1;célibataire;5332;21602;7;No;13;3;4;80;10;3;3;5;2;0;3
36;Non;Voyage_rarement;559;R&D;12;4;Sciences;1614;3;Femme;76;3;2;Manufacturing Director;3;Marié;4663;12421;9;Yes;12;3;2;80;7;2;3;3;2;1;1
34;Non;Voyage_fréquemment;426;R&D;10;4;Sciences;1615;3;Homme;42;4;2;Manufacturing Director;4;Divorcé;4724;17000;1;No;13;3;1;80;9;3;3;9;7;7;2
49;Non;Voyage_rarement;722;R&D;25;4;Sciences;1617;3;Femme;84;3;1;Laboratory Technician;1;Marié;3211;22102;1;No;14;3;4;80;10;3;2;9;6;1;4
39;Non;Voyage_rarement;1387;R&D;10;5;Medecine;1618;2;Homme;76;3;2;Manufacturing Director;1;Marié;5377;3835;2;No;13;3;4;80;10;3;3;7;7;7;7
27;Non;Voyage_rarement;1302;R&D;19;3;Autres;1619;4;Homme;67;2;1;Laboratory Technician;1;Divorcé;4066;16290;1;No;11;3;1;80;7;3;3;7;7;0;7
35;Non;Voyage_rarement;819;R&D;18;5;Sciences;1621;2;Homme;48;4;2;Research Scientist;1;Marié;5208;26312;1;No;11;3;4;80;16;2;3;16;15;1;10
28;Non;Voyage_rarement;580;R&D;27;3;Medecine;1622;2;Femme;39;1;2;Manufacturing Director;1;Divorcé;4877;20460;0;No;21;4;2;80;6;5;2;5;3;0;0
21;Non;Voyage_rarement;546;R&D;5;1;Medecine;1623;3;Homme;97;3;1;Research Scientist;4;célibataire;3117;26009;1;No;18;3;3;80;3;2;3;2;2;2;2
18;Oui;Voyage_fréquemment;544;Ventes;3;2;Medecine;1624;2;Femme;70;3;1;Sales Representative;4;célibataire;1569;18420;1;Yes;12;3;3;80;0;2;4;0;0;0;0
47;Non;Voyage_rarement;1176;RH;26;4;Sciences;1625;4;Femme;98;3;5;Manager;3;Marié;19658;5220;3;No;11;3;3;80;27;2;3;5;2;1;0
39;Non;Voyage_rarement;170;R&D;3;2;Medecine;1627;3;Homme;76;2;2;Laboratory Technician;3;Divorcé;3069;10302;0;No;15;3;4;80;11;3;3;10;8;0;7
40;Non;Voyage_rarement;884;R&D;15;3;Sciences;1628;1;Femme;80;2;3;Manufacturing Director;3;Marié;10435;25800;1;No;13;3;4;80;18;2;3;18;15;14;12
35;Non;Voyage-pas;208;R&D;8;4;Sciences;1630;3;Femme;52;3;2;Healthcare Representative;3;Marié;4148;12250;1;No;12;3;4;80;15;5;3;14;11;2;9
37;Non;Voyage_rarement;671;R&D;19;3;Sciences;1631;3;Homme;85;3;2;Manufacturing Director;3;Marié;5768;26493;3;No;17;3;1;80;9;2;2;4;3;0;2
39;Non;Voyage_fréquemment;711;R&D;4;3;Medecine;1633;1;Femme;81;3;2;Manufacturing Director;3;célibataire;5042;3140;0;No;13;3;4;80;10;2;1;9;2;3;8
45;Non;Voyage_rarement;1329;R&D;2;2;Autres;1635;4;Femme;59;2;2;Manufacturing Director;4;Divorcé;5770;5388;1;No;19;3;1;80;10;3;3;10;7;3;9
38;Non;Voyage_rarement;397;R&D;2;2;Medecine;1638;4;Femme;54;2;3;Manufacturing Director;3;Marié;7756;14199;3;Yes;19;3;4;80;10;6;4;5;4;0;2
35;Oui;Voyage_rarement;737;Ventes;10;3;Medecine;1639;4;Homme;55;2;3;Sales Executive;1;Marié;10306;21530;9;No;17;3;3;80;15;3;3;13;12;6;0
37;Non;Voyage_rarement;1470;R&D;10;3;Medecine;1640;2;Femme;71;3;1;Research Scientist;2;Marié;3936;9953;1;No;11;3;1;80;8;2;1;8;4;7;7
40;Non;Voyage_rarement;448;R&D;16;3;Sciences;1641;3;Femme;84;3;3;Manufacturing Director;4;célibataire;7945;19948;6;Yes;15;3;4;80;18;2;2;4;2;3;3
44;Non;Voyage_fréquemment;602;RH;1;5;RH;1642;1;Homme;37;3;2;Human Resources;4;Marié;5743;10503;4;Yes;11;3;3;80;14;3;3;10;7;0;2
48;Non;Voyage_fréquemment;365;R&D;4;5;Medecine;1644;3;Homme;89;2;4;Manager;4;Marié;15202;5602;2;No;25;4;2;80;23;3;3;2;2;2;2
35;Oui;Voyage_rarement;763;Ventes;15;2;Medecine;1645;1;Homme;59;1;2;Sales Executive;4;Divorcé;5440;22098;6;Yes;14;3;4;80;7;2;2;2;2;2;2
24;Non;Voyage_fréquemment;567;R&D;2;1;Diplome technique;1646;1;Femme;32;3;1;Research Scientist;4;célibataire;3760;17218;1;Yes;13;3;3;80;6;2;3;6;3;1;3
27;Non;Voyage_rarement;486;R&D;8;3;Medecine;1647;2;Femme;86;4;1;Research Scientist;3;Marié;3517;22490;7;No;17;3;1;80;5;0;3;3;2;0;2
27;Non;Voyage_fréquemment;591;R&D;2;3;Medecine;1648;4;Homme;87;3;1;Research Scientist;4;célibataire;2580;6297;2;No;13;3;3;80;6;0;2;4;2;1;2
40;Oui;Voyage_rarement;1329;R&D;7;3;Sciences;1649;1;Homme;73;3;1;Laboratory Technician;1;célibataire;2166;3339;3;Yes;14;3;2;80;10;3;1;4;2;0;3
29;Non;Voyage_rarement;469;Ventes;10;3;Medecine;1650;3;Homme;42;2;2;Sales Executive;3;célibataire;5869;23413;9;No;11;3;3;80;8;2;3;5;2;1;4
36;Non;Voyage_rarement;711;R&D;5;4;Sciences;1651;2;Femme;42;3;3;Healthcare Representative;1;Marié;8008;22792;4;No;12;3;3;80;9;6;3;3;2;0;2
25;Non;Voyage_fréquemment;772;R&D;2;1;Sciences;1653;4;Homme;77;4;2;Manufacturing Director;3;Divorcé;5206;4973;1;No;17;3;3;80;7;6;3;7;7;0;7
39;Non;Voyage_rarement;492;R&D;12;3;Medecine;1654;4;Homme;66;3;2;Manufacturing Director;2;Marié;5295;7693;4;No;21;4;3;80;7;3;3;5;4;1;0
49;Non;Voyage_rarement;301;R&D;22;4;Autres;1655;1;Femme;72;3;4;Research Director;2;Marié;16413;3498;3;No;16;3;2;80;27;2;3;4;2;1;2
50;Non;Voyage_rarement;813;R&D;17;5;Sciences;1656;4;Femme;50;2;3;Research Director;1;Divorcé;13269;21981;5;No;15;3;3;80;19;3;3;14;11;1;11
20;Non;Voyage_rarement;1141;Ventes;2;3;Medecine;1657;3;Femme;31;3;1;Sales Representative;3;célibataire;2783;13251;1;No;19;3;1;80;2;3;3;2;2;2;2
34;Non;Voyage_rarement;1130;R&D;3;3;Sciences;1658;4;Femme;66;3;2;Research Scientist;2;Divorcé;5433;19332;1;No;12;3;3;80;11;2;3;11;8;7;9
36;Non;Voyage_rarement;311;R&D;7;3;Sciences;1659;1;Homme;77;3;1;Laboratory Technician;2;célibataire;2013;10950;2;No;11;3;3;80;15;4;3;4;3;1;3
49;Non;Voyage_rarement;465;R&D;6;1;Sciences;1661;3;Femme;41;2;4;Healthcare Representative;3;Marié;13966;11652;2;Yes;19;3;2;80;30;3;3;15;11;2;12
36;Non;Voyage-pas;894;R&D;1;4;Medecine;1662;4;Femme;33;2;2;Manufacturing Director;3;Marié;4374;15411;0;No;15;3;3;80;4;6;3;3;2;1;2
36;Non;Voyage_rarement;1040;R&D;3;2;Sciences;1664;4;Homme;79;4;2;Healthcare Representative;1;Divorcé;6842;26308;6;No;20;4;1;80;13;3;3;5;4;0;4
54;Non;Voyage_rarement;584;R&D;22;5;Medecine;1665;2;Femme;91;3;4;Manager;3;Marié;17426;18685;3;No;25;4;3;80;36;6;3;10;8;4;7
43;Non;Voyage_rarement;1291;R&D;15;2;Sciences;1666;3;Homme;65;2;4;Research Director;3;Marié;17603;3525;1;No;24;4;1;80;14;3;3;14;10;6;11
35;Oui;Voyage_fréquemment;880;Ventes;12;4;Autres;1667;4;Homme;36;3;2;Sales Executive;4;célibataire;4581;10414;3;Yes;24;4;1;80;13;2;4;11;9;6;7
38;Non;Voyage_fréquemment;1189;R&D;1;3;Sciences;1668;4;Homme;90;3;2;Research Scientist;4;Marié;4735;9867;7;No;15;3;4;80;19;4;4;13;11;2;9
29;Non;Voyage_rarement;991;Ventes;5;3;Medecine;1669;1;Homme;43;2;2;Sales Executive;2;Divorcé;4187;3356;1;Yes;13;3;2;80;10;3;2;10;0;0;9
33;Non;Voyage_rarement;392;Ventes;2;4;Medecine;1670;4;Homme;93;3;2;Sales Executive;4;Divorcé;5505;3921;1;No;14;3;3;80;6;5;3;6;2;0;4
32;Non;Voyage_rarement;977;R&D;2;3;Medecine;1671;4;Homme;45;3;2;Research Scientist;2;Divorcé;5470;25518;0;No;13;3;3;80;10;4;2;9;5;1;6
31;Non;Voyage_rarement;1112;Ventes;5;4;Sciences;1673;1;Femme;67;3;2;Sales Executive;4;Marié;5476;22589;1;No;11;3;1;80;10;2;3;10;0;0;2
49;Non;Voyage_rarement;464;R&D;16;3;Medecine;1674;4;Femme;74;3;1;Laboratory Technician;1;Divorcé;2587;24941;4;Yes;16;3;2;80;17;2;2;2;2;2;2
38;Non;Voyage_fréquemment;148;R&D;2;3;Medecine;1675;4;Femme;42;2;1;Laboratory Technician;2;célibataire;2440;23826;1;No;22;4;2;80;4;3;3;4;3;3;3
47;Non;Voyage_rarement;1225;Ventes;2;4;Sciences;1676;2;Femme;47;4;4;Manager;2;Divorcé;15972;21086;6;No;14;3;3;80;29;2;3;3;2;1;2
49;Non;Voyage_rarement;809;R&D;1;3;Sciences;1677;3;Homme;36;3;4;Manager;3;célibataire;15379;22384;4;No;14;3;1;80;23;2;3;8;7;0;0
41;Non;Voyage_rarement;1206;Ventes;23;2;Sciences;1678;4;Homme;80;3;3;Sales Executive;3;célibataire;7082;11591;3;Yes;16;3;4;80;21;2;3;2;0;0;2
20;Non;Voyage_rarement;727;Ventes;9;1;Sciences;1680;4;Homme;54;3;1;Sales Representative;1;célibataire;2728;21082;1;No;11;3;1;80;2;3;3;2;2;0;2
33;Non;Voyage-pas;530;Ventes;16;3;Sciences;1681;3;Femme;36;3;2;Sales Executive;4;Divorcé;5368;16130;1;Yes;25;4;3;80;7;2;3;6;5;1;2
36;Non;Voyage_rarement;1351;R&D;26;4;Sciences;1682;1;Homme;80;3;2;Healthcare Representative;3;Marié;5347;7419;6;No;14;3;2;80;10;2;2;3;2;0;2
44;Non;Voyage_rarement;528;RH;1;3;Sciences;1683;3;Femme;44;3;1;Human Resources;4;Divorcé;3195;4167;4;Yes;18;3;1;80;8;2;3;2;2;2;2
23;Oui;Voyage_rarement;1320;R&D;8;1;Medecine;1684;4;Homme;93;2;1;Laboratory Technician;3;célibataire;3989;20586;1;Yes;11;3;1;80;5;2;3;5;4;1;2
38;Non;Voyage_rarement;1495;R&D;4;2;Medecine;1687;4;Femme;87;3;1;Laboratory Technician;3;Marié;3306;26176;7;No;19;3;4;80;7;5;2;0;0;0;0
53;Non;Voyage_rarement;1395;R&D;24;4;Medecine;1689;2;Homme;48;4;3;Healthcare Representative;4;Marié;7005;3458;3;No;15;3;3;80;11;2;3;4;3;1;2
48;Oui;Voyage_fréquemment;708;Ventes;7;2;Medecine;1691;4;Femme;95;3;1;Sales Representative;3;Marié;2655;11740;2;Yes;11;3;3;80;19;3;3;9;7;7;7
32;Oui;Voyage_rarement;1259;R&D;2;4;Sciences;1692;4;Homme;95;3;1;Laboratory Technician;2;célibataire;1393;24852;1;No;12;3;1;80;1;2;3;1;0;0;0
26;Non;Voyage-pas;786;R&D;7;3;Medecine;1693;4;Homme;76;3;1;Laboratory Technician;4;célibataire;2570;11925;1;No;20;4;3;80;7;5;3;7;7;5;7
55;Non;Voyage_rarement;1441;R&D;22;3;Diplome technique;1694;1;Homme;94;2;1;Research Scientist;2;Divorcé;3537;23737;5;No;12;3;4;80;8;1;3;4;2;1;2
34;Non;Voyage_rarement;1157;R&D;5;2;Medecine;1696;2;Homme;57;2;2;Laboratory Technician;4;Marié;3986;11912;1;No;14;3;3;80;15;3;4;15;10;4;13
60;Non;Voyage_rarement;370;R&D;1;4;Medecine;1697;3;Homme;92;1;3;Healthcare Representative;4;Divorcé;10883;20467;3;No;20;4;3;80;19;2;4;1;0;0;0
33;Non;Voyage_rarement;267;R&D;21;3;Medecine;1698;2;Homme;79;4;1;Laboratory Technician;2;Marié;2028;13637;1;No;18;3;4;80;14;6;3;14;11;2;13
37;Non;Voyage_fréquemment;1278;Ventes;1;4;Medecine;1700;3;Homme;31;1;2;Sales Executive;4;Divorcé;9525;7677;1;No;14;3;3;80;6;2;2;6;3;1;3
34;Non;Voyage_rarement;678;R&D;19;3;Sciences;1701;2;Femme;35;2;1;Research Scientist;4;Marié;2929;20338;1;No;12;3;2;80;10;3;3;10;9;8;7
23;Oui;Voyage_rarement;427;Ventes;7;3;Sciences;1702;3;Homme;99;3;1;Sales Representative;4;Divorcé;2275;25103;1;Yes;21;4;2;80;3;2;3;3;2;0;2
44;Non;Voyage_rarement;921;R&D;2;3;Sciences;1703;3;Femme;96;4;3;Healthcare Representative;4;Marié;7879;14810;1;Yes;19;3;2;80;9;2;3;8;7;6;7
35;Non;Voyage_fréquemment;146;R&D;2;4;Medecine;1704;1;Homme;79;2;1;Research Scientist;4;célibataire;4930;13970;0;Yes;14;3;3;80;6;2;4;5;4;1;4
43;Non;Voyage_rarement;1179;Ventes;2;3;Medecine;1706;4;Homme;73;3;2;Sales Executive;4;Marié;7847;6069;1;Yes;17;3;1;80;10;3;3;10;9;8;8
24;Non;Voyage_rarement;581;R&D;9;3;Medecine;1707;3;Homme;62;4;1;Research Scientist;3;Marié;4401;17616;1;No;16;3;4;80;5;1;3;5;3;0;4
41;Non;Voyage_rarement;918;Ventes;6;3;Marketing;1708;4;Homme;35;3;3;Sales Executive;3;célibataire;9241;15869;1;No;12;3;2;80;10;3;3;10;8;8;7
29;Non;Voyage_rarement;1082;R&D;9;4;Medecine;1709;4;Femme;43;3;1;Laboratory Technician;3;Marié;2974;25412;9;No;17;3;3;80;9;2;3;5;3;1;2
36;Non;Voyage_rarement;530;Ventes;2;4;Sciences;1710;3;Femme;51;3;2;Sales Representative;4;célibataire;4502;7439;3;No;15;3;3;80;17;2;2;13;7;6;7
45;Non;Voyage-pas;1238;R&D;1;1;Sciences;1712;3;Homme;74;2;3;Healthcare Representative;3;Marié;10748;3395;3;No;23;4;4;80;25;3;2;23;15;14;4
24;Oui;Voyage_rarement;240;RH;22;1;RH;1714;4;Homme;58;1;1;Human Resources;3;Marié;1555;11585;1;No;11;3;3;80;1;2;3;1;0;0;0
47;Oui;Voyage_fréquemment;1093;Ventes;9;3;Sciences;1716;3;Homme;82;1;4;Sales Executive;3;Marié;12936;24164;7;No;11;3;3;80;25;3;1;23;5;14;10
26;Non;Voyage_rarement;390;R&D;17;4;Medecine;1718;4;Homme;62;1;1;Laboratory Technician;3;Marié;2305;6217;1;No;15;3;3;80;3;3;4;3;2;0;2
45;Non;Voyage_rarement;1005;R&D;28;2;Diplome technique;1719;4;Femme;48;2;4;Research Director;2;célibataire;16704;17119;1;No;11;3;3;80;21;2;3;21;6;8;6
32;Non;Voyage_fréquemment;585;R&D;10;3;Sciences;1720;1;Homme;56;3;1;Research Scientist;3;Marié;3433;17360;6;No;13;3;1;80;10;3;2;5;2;1;3
31;Non;Voyage_rarement;741;R&D;2;4;Sciences;1721;2;Homme;69;3;1;Laboratory Technician;3;Marié;3477;18103;1;No;14;3;4;80;6;2;4;5;2;0;3
41;Non;Voyage-pas;552;RH;4;3;RH;1722;3;Homme;60;1;2;Human Resources;2;Marié;6430;20794;6;No;19;3;2;80;10;4;3;3;2;1;2
40;Non;Voyage_rarement;369;R&D;8;2;Sciences;1724;2;Femme;92;3;2;Manufacturing Director;1;Marié;6516;5041;2;Yes;16;3;2;80;18;3;3;1;0;0;0
24;Non;Voyage_rarement;506;R&D;29;1;Medecine;1725;2;Homme;91;3;1;Laboratory Technician;1;Divorcé;3907;3622;1;No;13;3;2;80;6;2;4;6;2;1;2
46;Non;Voyage_rarement;717;R&D;13;4;Sciences;1727;3;Homme;34;3;2;Healthcare Representative;2;célibataire;5562;9697;6;No;14;3;4;80;19;3;3;10;7;0;9
35;Non;Voyage_rarement;1370;R&D;27;4;Sciences;1728;4;Homme;49;3;2;Manufacturing Director;3;Marié;6883;5151;2;No;16;3;2;80;17;3;3;7;7;0;7
30;Non;Voyage_rarement;793;R&D;16;1;Sciences;1729;2;Homme;33;3;1;Research Scientist;4;Marié;2862;3811;1;No;12;3;2;80;10;2;2;10;0;0;8
47;Non;Voyage-pas;543;Ventes;2;4;Marketing;1731;3;Homme;87;3;2;Sales Executive;2;Marié;4978;3536;7;No;11;3;4;80;4;3;1;1;0;0;0
46;Non;Voyage_rarement;1277;Ventes;2;3;Sciences;1732;3;Homme;74;3;3;Sales Executive;4;Divorcé;10368;5596;4;Yes;12;3;2;80;13;5;2;10;6;0;3
36;Oui;Voyage_rarement;1456;Ventes;13;5;Marketing;1733;2;Homme;96;2;2;Sales Executive;1;Divorcé;6134;8658;5;Yes;13;3;2;80;16;3;3;2;2;2;2
32;Oui;Voyage_rarement;964;Ventes;1;2;Sciences;1734;1;Homme;34;1;2;Sales Executive;2;célibataire;6735;12147;6;No;15;3;2;80;10;2;3;0;0;0;0
23;Non;Voyage_rarement;160;R&D;4;1;Medecine;1735;3;Femme;51;3;1;Laboratory Technician;2;célibataire;3295;12862;1;No;13;3;3;80;3;3;1;3;2;1;2
31;Non;Voyage_fréquemment;163;R&D;24;1;Diplome technique;1736;4;Femme;30;3;2;Manufacturing Director;4;célibataire;5238;6670;2;No;20;4;4;80;9;3;2;5;4;1;4
39;Non;Voyage-pas;792;R&D;1;3;Sciences;1737;4;Homme;77;3;2;Laboratory Technician;4;Marié;6472;8989;1;Yes;15;3;4;80;9;2;3;9;8;5;8
32;Non;Voyage_rarement;371;Ventes;19;3;Sciences;1739;4;Homme;80;1;3;Sales Executive;3;Marié;9610;3840;3;No;13;3;3;80;10;2;1;4;3;0;2
40;Non;Voyage_rarement;611;Ventes;7;4;Medecine;1740;2;Homme;88;3;5;Manager;2;célibataire;19833;4349;1;No;14;3;2;80;21;3;2;21;8;12;8
45;Non;Voyage_rarement;176;RH;4;3;Sciences;1744;3;Femme;56;1;3;Human Resources;3;Marié;9756;6595;4;No;21;4;3;80;9;2;4;5;0;0;3
30;Non;Voyage_fréquemment;1312;R&D;2;4;Diplome technique;1745;4;Femme;78;2;1;Research Scientist;1;célibataire;4968;26427;0;No;16;3;4;80;10;2;3;9;7;0;7
24;Non;Voyage_fréquemment;897;RH;10;3;Medecine;1746;1;Homme;59;3;1;Human Resources;4;Marié;2145;2097;0;No;14;3;4;80;3;2;3;2;2;2;1
30;Oui;Voyage_fréquemment;600;RH;8;3;RH;1747;3;Femme;66;2;1;Human Resources;4;Divorcé;2180;9732;6;No;11;3;3;80;6;0;2;4;2;1;2
31;Non;Voyage_rarement;1003;Ventes;5;3;Diplome technique;1749;1;Homme;51;3;2;Sales Executive;3;Marié;8346;20943;1;No;19;3;3;80;6;3;3;5;2;0;2
27;Non;Voyage_rarement;1054;R&D;8;3;Medecine;1751;3;Femme;67;3;1;Research Scientist;4;célibataire;3445;6152;1;No;11;3;3;80;6;5;2;6;2;1;4
29;Oui;Voyage_rarement;428;Ventes;9;3;Marketing;1752;2;Femme;52;1;1;Sales Representative;2;célibataire;2760;14630;1;No;13;3;3;80;2;3;3;2;2;2;2
29;Non;Voyage_fréquemment;461;R&D;1;3;Sciences;1753;4;Homme;70;4;2;Healthcare Representative;3;célibataire;6294;23060;8;Yes;12;3;4;80;10;5;4;3;2;0;2
30;Non;Voyage_rarement;979;Ventes;15;2;Marketing;1754;3;Homme;94;2;3;Sales Executive;1;Divorcé;7140;3088;2;No;11;3;1;80;12;2;3;7;7;1;7
34;Non;Voyage_rarement;181;R&D;2;4;Medecine;1755;4;Homme;97;4;1;Research Scientist;4;Marié;2932;5586;0;Yes;14;3;1;80;6;3;3;5;0;1;2
33;Non;Voyage-pas;1283;Ventes;2;3;Marketing;1756;4;Femme;62;3;2;Sales Executive;2;célibataire;5147;10697;8;No;15;3;4;80;13;2;2;11;7;1;7
49;Non;Voyage_rarement;1313;Ventes;11;4;Marketing;1757;4;Femme;80;3;2;Sales Executive;4;célibataire;4507;8191;3;No;12;3;3;80;8;1;4;5;1;0;4
33;Oui;Voyage_rarement;211;Ventes;16;3;Sciences;1758;1;Femme;74;3;3;Sales Executive;1;célibataire;8564;10092;2;Yes;20;4;3;80;11;2;2;0;0;0;0
38;Non;Voyage_fréquemment;594;R&D;2;2;Medecine;1760;3;Femme;75;2;1;Laboratory Technician;2;Marié;2468;15963;4;No;14;3;2;80;9;4;2;6;1;0;5
31;Oui;Voyage_rarement;1079;Ventes;16;4;Marketing;1761;1;Homme;70;3;3;Sales Executive;3;Marié;8161;19002;2;No;13;3;1;80;10;2;3;1;0;0;0
29;Non;Voyage_rarement;590;R&D;4;3;Diplome technique;1762;4;Femme;91;2;1;Research Scientist;1;Divorcé;2109;10007;1;No;13;3;3;80;1;2;3;1;0;0;0
30;Non;Voyage_rarement;305;R&D;16;3;Sciences;1763;3;Homme;58;4;2;Healthcare Representative;3;Marié;5294;9128;3;No;16;3;3;80;10;3;3;7;0;1;7
32;Non;Voyage-pas;953;R&D;5;4;Diplome technique;1764;2;Homme;65;3;1;Research Scientist;2;célibataire;2718;17674;2;No;14;3;2;80;12;3;3;7;7;0;7
38;Non;Voyage_rarement;833;R&D;18;3;Medecine;1766;2;Homme;60;1;2;Healthcare Representative;4;Marié;5811;24539;3;Yes;16;3;3;80;15;2;3;1;0;1;0
43;Oui;Voyage_fréquemment;807;R&D;17;3;Diplome technique;1767;3;Homme;38;2;1;Research Scientist;3;Marié;2437;15587;9;Yes;16;3;4;80;6;4;3;1;0;0;0
42;Non;Voyage_rarement;855;R&D;12;3;Medecine;1768;2;Homme;57;3;1;Laboratory Technician;2;Divorcé;2766;8952;8;No;22;4;2;80;7;6;2;5;3;0;4
55;Non;Voyage_rarement;478;R&D;2;3;Medecine;1770;3;Homme;60;2;5;Research Director;1;Marié;19038;19805;8;No;12;3;2;80;34;2;3;1;0;0;0
33;Non;Voyage-pas;775;R&D;4;3;Diplome technique;1771;4;Homme;90;3;2;Research Scientist;2;Divorcé;3055;6194;5;No;15;3;4;80;11;2;2;9;8;1;7
41;Non;Voyage_rarement;548;R&D;9;4;Sciences;1772;3;Homme;94;3;1;Laboratory Technician;1;Divorcé;2289;20520;1;No;20;4;2;80;5;2;3;5;3;0;4
34;Non;Voyage-pas;1375;Ventes;10;3;Sciences;1774;4;Homme;87;3;2;Sales Executive;3;Divorcé;4001;12313;1;Yes;14;3;3;80;15;3;3;15;14;0;7
53;Non;Voyage-pas;661;R&D;1;4;Medecine;1775;1;Femme;60;2;4;Manufacturing Director;3;Marié;12965;22308;4;Yes;20;4;4;80;27;2;2;3;2;0;2
43;Non;Voyage_rarement;244;RH;2;3;Sciences;1778;2;Homme;97;3;1;Human Resources;4;célibataire;3539;5033;0;No;13;3;2;80;10;5;3;9;7;1;8
34;Non;Voyage_rarement;511;Ventes;3;2;Sciences;1779;4;Femme;32;1;2;Sales Executive;4;célibataire;6029;25353;5;No;12;3;1;80;6;3;3;2;2;2;2
21;Oui;Voyage_rarement;337;Ventes;7;1;Marketing;1780;2;Homme;31;3;1;Sales Representative;2;célibataire;2679;4567;1;No;13;3;2;80;1;3;3;1;0;1;0
38;Non;Voyage_rarement;1153;R&D;6;2;Autres;1782;4;Femme;40;2;1;Laboratory Technician;3;Marié;3702;16376;1;No;11;3;2;80;5;3;3;5;4;0;4
22;Oui;Voyage_rarement;1294;R&D;8;1;Medecine;1783;3;Femme;79;3;1;Laboratory Technician;1;Marié;2398;15999;1;Yes;17;3;3;80;1;6;3;1;0;0;0
31;Non;Voyage_rarement;196;Ventes;29;4;Marketing;1784;1;Femme;91;2;2;Sales Executive;4;Marié;5468;13402;1;No;14;3;1;80;13;3;3;12;7;5;7
51;Non;Voyage_rarement;942;R&D;3;3;Diplome technique;1786;1;Femme;53;3;3;Manager;3;Marié;13116;22984;2;No;11;3;4;80;15;2;3;2;2;2;2
37;Non;Voyage_rarement;589;Ventes;9;2;Marketing;1787;2;Homme;46;2;2;Sales Executive;2;Marié;4189;8800;1;No;14;3;1;80;5;2;3;5;2;0;3
46;Non;Voyage_rarement;734;R&D;2;4;Medecine;1789;3;Homme;46;3;5;Research Director;4;Divorcé;19328;14218;7;Yes;17;3;3;80;24;3;3;2;1;2;2
36;Non;Voyage_rarement;1383;R&D;10;3;Sciences;1790;4;Homme;90;3;3;Healthcare Representative;1;Marié;8321;25949;7;Yes;13;3;4;80;15;1;3;12;8;5;7
44;Oui;Voyage_fréquemment;429;R&D;1;2;Medecine;1792;3;Homme;99;3;1;Research Scientist;2;Divorcé;2342;11092;1;Yes;12;3;3;80;6;2;2;5;3;2;3
37;Non;Voyage_rarement;1239;RH;8;2;Autres;1794;3;Homme;89;3;2;Human Resources;2;Divorcé;4071;12832;2;No;13;3;3;80;19;4;2;10;0;4;7
35;Oui;Voyage_rarement;303;Ventes;27;3;Sciences;1797;3;Homme;84;3;2;Sales Executive;4;célibataire;5813;13492;1;Yes;18;3;4;80;10;2;3;10;7;7;7
33;Non;Voyage_rarement;867;R&D;8;4;Sciences;1798;4;Homme;90;4;1;Research Scientist;1;Marié;3143;6076;6;No;19;3;2;80;14;1;3;10;8;7;6
28;Non;Voyage_rarement;1181;R&D;1;3;Sciences;1799;3;Homme;82;3;1;Research Scientist;4;Marié;2044;5531;1;No;11;3;3;80;5;6;4;5;3;0;3
39;Non;Voyage_rarement;1253;R&D;10;1;Medecine;1800;3;Homme;65;3;3;Research Director;3;célibataire;13464;7914;7;No;21;4;3;80;9;3;3;4;3;2;2
46;Non;Voyage-pas;849;Ventes;26;2;Sciences;1801;2;Homme;98;2;2;Sales Executive;2;célibataire;7991;25166;8;No;15;3;3;80;6;3;3;2;2;2;2
40;Non;Voyage_rarement;616;R&D;2;2;Sciences;1802;3;Femme;99;3;1;Laboratory Technician;1;Marié;3377;25605;4;No;17;3;4;80;7;5;2;4;3;0;2
42;Non;Voyage_rarement;1128;R&D;13;3;Medecine;1803;2;Homme;95;4;2;Healthcare Representative;1;Marié;5538;5696;5;No;18;3;3;80;10;2;2;0;0;0;0
35;Non;Voyage-pas;1180;R&D;2;2;Medecine;1804;2;Homme;90;3;2;Manufacturing Director;4;Divorcé;5762;24442;2;No;14;3;3;80;15;6;3;7;7;1;7
38;Non;Voyage-pas;1336;RH;2;3;RH;1805;1;Homme;100;3;1;Human Resources;2;Divorcé;2592;7129;5;No;13;3;4;80;13;3;3;11;10;3;8
34;Oui;Voyage_fréquemment;234;R&D;9;4;Sciences;1807;4;Homme;93;3;2;Laboratory Technician;1;Marié;5346;6208;4;No;17;3;3;80;11;3;2;7;1;0;7
37;Oui;Voyage_rarement;370;R&D;10;4;Medecine;1809;4;Homme;58;3;2;Manufacturing Director;1;célibataire;4213;4992;1;No;15;3;2;80;10;4;1;10;3;0;8
39;Non;Voyage_fréquemment;766;Ventes;20;3;Sciences;1812;3;Homme;83;3;2;Sales Executive;4;Divorcé;4127;19188;2;No;18;3;4;80;7;6;3;2;1;2;2
43;Non;Voyage-pas;343;R&D;9;3;Sciences;1813;1;Homme;52;3;1;Research Scientist;3;célibataire;2438;24978;4;No;13;3;3;80;7;2;2;3;2;1;2
41;Non;Voyage_rarement;447;R&D;5;3;Sciences;1814;2;Homme;85;4;2;Healthcare Representative;2;célibataire;6870;15530;3;No;12;3;1;80;11;3;1;3;2;1;2
41;Non;Voyage_rarement;796;Ventes;4;1;Marketing;1815;3;Femme;81;3;3;Sales Executive;3;Divorcé;10447;26458;0;Yes;13;3;4;80;23;3;4;22;14;13;5
30;Non;Voyage_rarement;1092;R&D;10;3;Medecine;1816;1;Femme;64;3;3;Manufacturing Director;3;célibataire;9667;2739;9;No;14;3;2;80;9;3;3;7;7;0;2
26;Oui;Voyage_rarement;920;RH;20;2;Medecine;1818;4;Femme;69;3;1;Human Resources;2;Marié;2148;6889;0;Yes;11;3;3;80;6;3;3;5;1;1;4
46;Oui;Voyage_rarement;261;R&D;21;2;Medecine;1821;4;Femme;66;3;2;Healthcare Representative;2;Marié;8926;10842;4;No;22;4;4;80;13;2;4;9;7;3;7
40;Non;Voyage_rarement;1194;R&D;1;3;Sciences;1822;3;Femme;52;3;2;Healthcare Representative;4;Divorcé;6513;9060;4;No;17;3;4;80;12;3;3;5;3;0;3
34;Non;Voyage_rarement;810;Ventes;8;2;Diplome technique;1823;2;Homme;92;4;2;Sales Executive;3;Marié;6799;22128;1;No;21;4;3;80;10;5;3;10;8;4;8
58;Non;Voyage-pas;350;Ventes;2;3;Medecine;1824;2;Homme;52;3;4;Manager;2;Divorcé;16291;22577;4;No;22;4;4;80;37;0;2;16;9;14;14
35;Non;Voyage_rarement;185;R&D;23;4;Medecine;1826;2;Homme;91;1;1;Laboratory Technician;3;Marié;2705;9696;0;No;16;3;2;80;6;2;4;5;4;0;3
47;Non;Voyage_rarement;1001;R&D;4;3;Sciences;1827;3;Femme;92;2;3;Manufacturing Director;2;Divorcé;10333;19271;8;Yes;12;3;3;80;28;4;3;22;11;14;10
40;Non;Voyage_rarement;750;R&D;12;3;Sciences;1829;2;Femme;47;3;2;Healthcare Representative;1;Divorcé;4448;10748;2;No;12;3;2;80;15;3;3;7;4;7;7
54;Non;Voyage_rarement;431;R&D;7;4;Medecine;1830;4;Femme;68;3;2;Research Scientist;4;Marié;6854;15696;4;No;15;3;2;80;14;2;2;7;1;1;7
31;Non;Voyage_fréquemment;1125;Ventes;7;4;Marketing;1833;1;Femme;68;3;3;Sales Executive;1;Marié;9637;8277;2;No;14;3;4;80;9;3;3;3;2;2;2
28;Non;Voyage_rarement;1217;R&D;1;3;Medecine;1834;3;Femme;67;3;1;Research Scientist;1;Marié;3591;12719;1;No;25;4;3;80;3;3;3;3;2;1;2
38;Non;Voyage_rarement;723;Ventes;2;4;Marketing;1835;2;Femme;77;1;2;Sales Representative;4;Marié;5405;4244;2;Yes;20;4;1;80;20;4;2;4;2;0;3
26;Non;Voyage_rarement;572;Ventes;10;3;Medecine;1836;3;Homme;46;3;2;Sales Executive;4;célibataire;4684;9125;1;No;13;3;1;80;5;4;3;5;3;1;2
58;Non;Voyage_fréquemment;1216;R&D;15;4;Sciences;1837;1;Homme;87;3;4;Research Director;3;Marié;15787;21624;2;Yes;14;3;2;80;23;3;3;2;2;2;2
18;Non;Voyage-pas;1431;R&D;14;3;Medecine;1839;2;Femme;33;3;1;Research Scientist;3;célibataire;1514;8018;1;No;16;3;3;80;0;4;1;0;0;0;0
31;Oui;Voyage_rarement;359;RH;18;5;RH;1842;4;Homme;89;4;1;Human Resources;1;Marié;2956;21495;0;No;17;3;3;80;2;4;3;1;0;0;0
29;Oui;Voyage_rarement;350;RH;13;3;RH;1844;1;Homme;56;2;1;Human Resources;1;Divorcé;2335;3157;4;Yes;15;3;4;80;4;3;3;2;2;2;0
45;Non;Voyage-pas;589;Ventes;2;4;Sciences;1845;3;Femme;67;3;2;Sales Executive;3;Marié;5154;19665;4;No;22;4;2;80;10;3;4;8;7;5;7
36;Non;Voyage_rarement;430;R&D;2;4;Autres;1847;4;Femme;73;3;2;Research Scientist;2;Marié;6962;19573;4;Yes;22;4;4;80;15;2;3;1;0;0;0
43;Non;Voyage_fréquemment;1422;Ventes;2;4;Sciences;1849;1;Homme;92;3;2;Sales Executive;4;Marié;5675;19246;1;No;20;4;3;80;7;5;3;7;7;7;7
27;Non;Voyage_fréquemment;1297;R&D;5;2;Sciences;1850;4;Femme;53;3;1;Laboratory Technician;4;célibataire;2379;19826;0;Yes;14;3;3;80;6;3;2;5;4;0;2
29;Non;Voyage_fréquemment;574;R&D;20;1;Medecine;1852;4;Homme;40;3;1;Laboratory Technician;4;Marié;3812;7003;1;No;13;3;2;80;11;3;4;11;8;3;10
32;Non;Voyage_fréquemment;1318;Ventes;10;4;Marketing;1853;4;Homme;79;3;2;Sales Executive;4;célibataire;4648;26075;8;No;13;3;3;80;4;2;4;0;0;0;0
42;Non;Voyage-pas;355;R&D;10;4;Diplome technique;1854;3;Homme;38;3;1;Research Scientist;3;Marié;2936;6161;3;No;22;4;2;80;10;1;2;6;3;3;3
47;Non;Voyage_rarement;207;R&D;9;4;Sciences;1856;2;Femme;64;3;1;Laboratory Technician;3;célibataire;2105;5411;4;No;12;3;3;80;7;2;3;2;2;2;0
46;Non;Voyage_rarement;706;R&D;2;2;Sciences;1857;4;Homme;82;3;3;Manufacturing Director;4;Divorcé;8578;19989;3;No;14;3;3;80;12;4;2;9;8;4;7
28;Non;Voyage-pas;280;RH;1;2;Sciences;1858;3;Homme;43;3;1;Human Resources;4;Divorcé;2706;10494;1;No;15;3;2;80;3;2;3;3;2;2;2
29;Non;Voyage_rarement;726;R&D;29;1;Sciences;1859;4;Homme;93;1;2;Healthcare Representative;3;Divorcé;6384;21143;8;No;17;3;4;80;11;3;3;7;0;1;6
42;Non;Voyage_rarement;1142;R&D;8;3;Sciences;1860;4;Homme;81;3;1;Laboratory Technician;3;célibataire;3968;13624;4;No;13;3;4;80;8;3;3;0;0;0;0
32;Oui;Voyage_rarement;414;Ventes;2;4;Marketing;1862;3;Homme;82;2;2;Sales Executive;2;célibataire;9907;26186;7;Yes;12;3;3;80;7;3;2;2;2;2;2
46;Non;Voyage_rarement;1319;Ventes;3;3;Diplome technique;1863;1;Femme;45;4;4;Sales Executive;1;Divorcé;13225;7739;2;No;12;3;4;80;25;5;3;19;17;2;8
27;Non;Voyage_rarement;728;Ventes;23;1;Medecine;1864;2;Femme;36;2;2;Sales Representative;3;Marié;3540;7018;1;No;21;4;4;80;9;5;3;9;8;5;8
29;Non;Voyage_rarement;352;RH;6;1;Medecine;1865;4;Homme;87;2;1;Human Resources;2;Marié;2804;15434;1;No;11;3;4;80;1;3;3;1;0;0;0
43;Non;Voyage_rarement;823;R&D;6;3;Medecine;1866;1;Femme;81;2;5;Manager;3;Marié;19392;22539;7;No;13;3;4;80;21;2;3;16;12;6;14
48;Non;Voyage_rarement;1224;R&D;10;3;Sciences;1867;4;Homme;91;2;5;Research Director;2;Marié;19665;13583;4;No;12;3;4;80;29;3;3;22;10;12;9
29;Oui;Voyage_fréquemment;459;R&D;24;2;Sciences;1868;4;Homme;73;2;1;Research Scientist;4;célibataire;2439;14753;1;Yes;24;4;2;80;1;3;2;1;0;1;0
46;Oui;Voyage_rarement;1254;Ventes;10;3;Sciences;1869;3;Femme;64;3;3;Sales Executive;2;Marié;7314;14011;5;No;21;4;3;80;14;2;3;8;7;0;7
27;Non;Voyage_fréquemment;1131;R&D;15;3;Sciences;1870;4;Femme;77;2;1;Research Scientist;1;Marié;4774;23844;0;No;19;3;4;80;8;2;2;7;6;7;3
39;Non;Voyage_rarement;835;R&D;19;4;Autres;1871;4;Homme;41;3;2;Research Scientist;4;Divorcé;3902;5141;8;No;14;3;2;80;7;2;3;2;2;2;2
55;Non;Voyage_rarement;836;R&D;2;4;Diplome technique;1873;2;Homme;98;2;1;Research Scientist;4;Marié;2662;7975;8;No;20;4;2;80;19;2;4;5;2;0;4
28;Non;Voyage_rarement;1172;Ventes;3;3;Medecine;1875;2;Femme;78;3;1;Sales Representative;2;Marié;2856;3692;1;No;19;3;4;80;1;3;3;1;0;0;0
30;Oui;Voyage_rarement;945;Ventes;9;3;Medecine;1876;2;Homme;89;3;1;Sales Representative;4;célibataire;1081;16019;1;No;13;3;3;80;1;3;2;1;0;0;0
22;Oui;Voyage_rarement;391;R&D;7;1;Sciences;1878;4;Homme;75;3;1;Research Scientist;2;célibataire;2472;26092;1;Yes;23;4;1;80;1;2;3;1;0;0;0
36;Non;Voyage_rarement;1266;Ventes;10;4;Diplome technique;1880;2;Femme;63;2;2;Sales Executive;3;Marié;5673;6060;1;Yes;13;3;1;80;10;4;3;10;9;1;7
31;Non;Voyage_rarement;311;R&D;20;3;Sciences;1881;2;Homme;89;3;2;Laboratory Technician;3;Divorcé;4197;18624;1;No;11;3;1;80;10;2;3;10;8;0;2
34;Non;Voyage_rarement;1480;Ventes;4;3;Sciences;1882;3;Homme;64;3;3;Sales Executive;4;Marié;9713;24444;2;Yes;13;3;4;80;9;3;3;5;3;1;0
29;Non;Voyage_rarement;592;R&D;7;3;Sciences;1883;4;Homme;59;3;1;Laboratory Technician;1;célibataire;2062;19384;3;No;14;3;2;80;11;2;3;3;2;1;2
37;Non;Voyage_rarement;783;R&D;7;4;Medecine;1885;4;Homme;78;3;2;Research Scientist;1;Marié;4284;13588;5;Yes;22;4;3;80;16;2;3;5;3;0;4
35;Non;Voyage_rarement;219;R&D;16;2;Autres;1886;4;Femme;44;2;2;Manufacturing Director;2;Marié;4788;25388;0;Yes;11;3;4;80;4;2;3;3;2;0;2
45;Non;Voyage_rarement;556;R&D;25;2;Sciences;1888;2;Femme;93;2;2;Manufacturing Director;4;Marié;5906;23888;0;No;13;3;4;80;10;2;2;9;8;3;8
36;Non;Voyage_fréquemment;1213;RH;2;1;RH;1890;2;Homme;94;2;2;Human Resources;4;célibataire;3886;4223;1;No;21;4;4;80;10;2;2;10;1;0;8
40;Non;Voyage_rarement;1137;R&D;1;4;Sciences;1892;1;Homme;98;3;4;Manager;1;Divorcé;16823;18991;2;No;11;3;1;80;22;3;3;19;7;11;16
26;Non;Voyage_rarement;482;R&D;1;2;Sciences;1893;2;Femme;90;2;1;Research Scientist;3;Marié;2933;14908;1;Yes;13;3;3;80;1;3;2;1;0;1;0
27;Non;Voyage_rarement;511;Ventes;2;2;Medecine;1898;1;Femme;89;4;2;Sales Executive;3;célibataire;6500;26997;0;No;14;3;2;80;9;5;2;8;7;0;7
48;Non;Voyage_fréquemment;117;R&D;22;3;Medecine;1900;4;Femme;58;3;4;Manager;4;Divorcé;17174;2437;3;No;11;3;2;80;24;3;3;22;17;4;7
44;Non;Voyage_rarement;170;R&D;1;4;Sciences;1903;2;Homme;78;4;2;Healthcare Representative;1;Marié;5033;9364;2;No;15;3;4;80;10;5;3;2;0;2;2
34;Oui;Voyage-pas;967;R&D;16;4;Diplome technique;1905;4;Homme;85;1;1;Research Scientist;1;Marié;2307;14460;1;Yes;23;4;2;80;5;2;3;5;2;3;0
56;Oui;Voyage_rarement;1162;R&D;24;2;Sciences;1907;1;Homme;97;3;1;Laboratory Technician;4;célibataire;2587;10261;1;No;16;3;4;80;5;3;3;4;2;1;0
36;Non;Voyage_rarement;335;Ventes;17;2;Marketing;1908;3;Homme;33;2;2;Sales Executive;2;Marié;5507;16822;2;No;16;3;3;80;12;1;1;4;2;1;3
41;Non;Voyage_rarement;337;Ventes;8;3;Marketing;1909;3;Femme;54;3;2;Sales Executive;2;Marié;4393;26841;5;No;21;4;3;80;14;3;3;5;4;1;4
42;Non;Voyage_rarement;1396;R&D;6;3;Medecine;1911;3;Homme;83;3;3;Research Director;1;Marié;13348;14842;9;No;13;3;2;80;18;3;4;13;7;5;7
31;Non;Voyage_rarement;1079;Ventes;10;2;Medecine;1912;3;Femme;86;3;2;Sales Executive;4;Divorcé;6583;20115;2;Yes;11;3;4;80;8;2;3;5;2;1;4
34;Non;Voyage_rarement;735;Ventes;3;1;Medecine;1915;4;Femme;75;2;2;Sales Executive;4;Marié;8103;16495;3;Yes;12;3;3;80;9;3;2;4;2;0;1
31;Non;Voyage_rarement;471;R&D;4;3;Medecine;1916;1;Femme;62;4;1;Laboratory Technician;3;Divorcé;3978;16031;8;No;12;3;2;80;4;0;2;2;2;2;2
26;Non;Voyage_fréquemment;1096;R&D;6;3;Autres;1918;3;Homme;61;4;1;Laboratory Technician;4;Marié;2544;7102;0;No;18;3;1;80;8;3;3;7;7;7;7
45;Non;Voyage_fréquemment;1297;R&D;1;4;Medecine;1922;2;Homme;44;3;2;Healthcare Representative;3;célibataire;5399;14511;4;No;12;3;3;80;12;3;3;4;2;0;3
33;Non;Voyage_rarement;217;Ventes;10;4;Marketing;1924;2;Homme;43;3;2;Sales Executive;3;célibataire;5487;10410;1;No;14;3;2;80;10;2;2;10;4;0;9
28;Non;Voyage_fréquemment;783;Ventes;1;2;Sciences;1927;3;Homme;42;2;2;Sales Executive;4;Marié;6834;19255;1;Yes;12;3;3;80;7;2;3;7;7;0;7
29;Oui;Voyage_fréquemment;746;Ventes;24;3;Diplome technique;1928;3;Homme;45;4;1;Sales Representative;1;célibataire;1091;10642;1;No;17;3;4;80;1;3;3;1;0;0;0
39;Non;Voyage-pas;1251;Ventes;21;4;Sciences;1929;1;Femme;32;1;2;Sales Executive;3;Marié;5736;3987;6;No;19;3;3;80;10;1;3;3;2;1;2
27;Non;Voyage_rarement;1354;R&D;2;4;Diplome technique;1931;2;Homme;41;3;1;Research Scientist;2;Marié;2226;6073;1;No;11;3;3;80;6;3;2;5;3;1;2
34;Non;Voyage_fréquemment;735;R&D;22;4;Autres;1932;3;Homme;86;2;2;Research Scientist;4;Marié;5747;26496;1;Yes;15;3;2;80;16;3;3;15;10;6;11
28;Oui;Voyage_rarement;1475;Ventes;13;2;Marketing;1933;4;Femme;84;3;2;Sales Executive;3;célibataire;9854;23352;3;Yes;11;3;4;80;6;0;3;2;0;2;2
47;Non;Voyage-pas;1169;R&D;14;4;Diplome technique;1934;3;Homme;64;3;2;Research Scientist;2;Marié;5467;2125;8;No;18;3;3;80;16;4;4;8;7;1;7
56;Non;Voyage_rarement;1443;Ventes;11;5;Marketing;1935;4;Femme;89;2;2;Sales Executive;1;Marié;5380;20328;4;No;16;3;3;80;6;3;3;0;0;0;0
39;Non;Voyage_rarement;867;R&D;9;2;Medecine;1936;1;Homme;87;3;2;Manufacturing Director;1;Marié;5151;12315;1;No;25;4;4;80;10;3;3;10;0;7;9
38;Non;Voyage_fréquemment;1394;R&D;8;3;Medecine;1937;4;Femme;58;2;2;Research Scientist;2;Divorcé;2133;18115;1;Yes;16;3;3;80;20;3;3;20;11;0;7
58;Non;Voyage_rarement;605;Ventes;21;3;Sciences;1938;4;Femme;72;3;4;Manager;4;Marié;17875;11761;4;Yes;13;3;3;80;29;2;2;1;0;0;0
32;Oui;Voyage_fréquemment;238;R&D;5;2;Sciences;1939;1;Femme;47;4;1;Research Scientist;3;célibataire;2432;15318;3;Yes;14;3;1;80;8;2;3;4;1;0;3
38;Non;Voyage_rarement;1206;R&D;9;2;Sciences;1940;2;Homme;71;3;1;Research Scientist;4;Divorcé;4771;14293;2;No;19;3;4;80;10;0;4;5;2;0;3
49;Non;Voyage_fréquemment;1064;R&D;2;1;Sciences;1941;2;Homme;42;3;5;Research Director;4;Marié;19161;13738;3;No;15;3;4;80;28;3;3;5;4;4;3
42;Non;Voyage_rarement;419;Ventes;12;4;Marketing;1943;2;Homme;77;3;2;Sales Executive;4;Divorcé;5087;2900;3;Yes;12;3;3;80;14;4;3;0;0;0;0
27;Oui;Voyage_fréquemment;1337;RH;22;3;RH;1944;1;Femme;58;2;1;Human Resources;2;Marié;2863;19555;1;No;12;3;1;80;1;2;3;1;0;0;0
35;Non;Voyage_rarement;682;Ventes;18;4;Medecine;1945;2;Homme;71;3;2;Sales Executive;1;Marié;5561;15975;0;No;16;3;4;80;6;2;1;5;3;0;4
28;Non;Voyage-pas;1103;R&D;16;3;Medecine;1947;3;Homme;49;3;1;Research Scientist;3;célibataire;2144;2122;1;No;14;3;3;80;5;3;2;5;3;1;4
31;Non;Voyage-pas;976;R&D;3;2;Medecine;1948;3;Homme;48;3;1;Research Scientist;1;Divorcé;3065;3995;1;Yes;13;3;4;80;4;3;4;4;2;2;3
36;Non;Voyage-pas;1351;R&D;9;4;Sciences;1949;1;Homme;66;4;1;Laboratory Technician;2;Marié;2810;9238;1;No;22;4;2;80;5;3;3;5;4;0;2
34;Non;Voyage_rarement;937;Ventes;1;3;Marketing;1950;1;Homme;32;3;3;Sales Executive;4;célibataire;9888;6770;1;No;21;4;1;80;14;3;2;14;8;2;1
34;Non;Voyage_rarement;1239;Ventes;13;4;Medecine;1951;4;Homme;39;3;3;Sales Executive;3;Divorcé;8628;22914;1;No;18;3;3;80;9;2;2;8;7;1;1
26;Non;Voyage_rarement;157;R&D;1;3;Medecine;1952;3;Homme;95;3;1;Laboratory Technician;1;célibataire;2867;20006;0;No;13;3;4;80;8;6;2;7;7;7;6
29;Non;Voyage_rarement;136;R&D;1;3;Sciences;1954;1;Homme;89;3;2;Healthcare Representative;1;Marié;5373;6225;0;No;12;3;1;80;6;5;2;5;3;0;2
32;Non;Voyage-pas;1146;R&D;15;4;Medecine;1955;3;Femme;34;3;2;Healthcare Representative;4;Divorcé;6667;16542;5;No;18;3;2;80;9;6;3;5;1;1;2
31;Non;Voyage_fréquemment;1125;R&D;1;3;Sciences;1956;4;Homme;48;1;2;Research Scientist;1;Marié;5003;5771;1;No;21;4;2;80;10;6;3;10;8;8;7
28;Oui;Voyage_rarement;1404;R&D;17;3;Diplome technique;1960;3;Homme;32;2;1;Laboratory Technician;4;Divorcé;2367;18779;5;No;12;3;1;80;6;2;2;4;1;0;3
38;Non;Voyage_rarement;1404;Ventes;1;3;Sciences;1961;1;Homme;59;2;1;Sales Representative;1;célibataire;2858;11473;4;No;14;3;1;80;20;3;2;1;0;0;0
35;Non;Voyage_rarement;1224;Ventes;7;4;Sciences;1962;3;Femme;55;3;2;Sales Executive;4;Marié;5204;13586;1;Yes;11;3;4;80;10;2;3;10;8;0;9
27;Non;Voyage_rarement;954;Ventes;9;3;Marketing;1965;4;Homme;44;3;2;Sales Executive;4;célibataire;4105;5099;1;No;14;3;1;80;7;5;3;7;7;0;7
32;Non;Voyage_rarement;1373;R&D;5;4;Sciences;1966;4;Homme;56;2;2;Manufacturing Director;4;célibataire;9679;10138;8;No;24;4;2;80;8;1;3;1;0;0;0
31;Oui;Voyage_fréquemment;754;Ventes;26;4;Marketing;1967;1;Homme;63;3;2;Sales Executive;4;Marié;5617;21075;1;Yes;11;3;3;80;10;4;3;10;7;0;8
53;Oui;Voyage_rarement;1168;Ventes;24;4;Sciences;1968;1;Homme;66;3;3;Sales Executive;1;célibataire;10448;5843;6;Yes;13;3;2;80;15;2;2;2;2;2;2
54;Non;Voyage_rarement;155;R&D;9;2;Sciences;1969;1;Femme;67;3;2;Research Scientist;3;Marié;2897;22474;3;No;11;3;3;80;9;6;2;4;3;2;3
33;Non;Voyage_fréquemment;1303;R&D;7;2;Sciences;1970;4;Homme;36;3;2;Healthcare Representative;3;Divorcé;5968;18079;1;No;20;4;3;80;9;2;3;9;7;2;8
43;Non;Voyage_rarement;574;R&D;11;3;Sciences;1971;1;Homme;30;3;3;Healthcare Representative;3;Marié;7510;16873;1;No;17;3;2;80;10;1;3;10;9;0;9
38;Non;Voyage_fréquemment;1444;RH;1;4;Autres;1972;4;Homme;88;3;1;Human Resources;2;Marié;2991;5224;0;Yes;11;3;2;80;7;2;3;6;2;1;2
55;Non;Voyage_rarement;189;RH;26;4;RH;1973;3;Homme;71;4;5;Manager;2;Marié;19636;25811;4;Yes;18;3;1;80;35;0;3;10;9;1;4
31;Non;Voyage_rarement;1276;R&D;2;1;Medecine;1974;4;Femme;59;1;1;Laboratory Technician;4;Divorcé;1129;17536;1;Yes;11;3;3;80;1;4;3;1;0;0;0
39;Non;Voyage_rarement;119;Ventes;15;4;Marketing;1975;2;Homme;77;3;4;Sales Executive;1;célibataire;13341;25098;0;No;12;3;1;80;21;3;3;20;8;11;10
42;Non;Voyage-pas;335;R&D;23;2;Sciences;1976;4;Homme;37;2;2;Research Scientist;3;célibataire;4332;14811;1;No;12;3;4;80;20;2;3;20;9;3;7
31;Non;Voyage-pas;697;R&D;10;3;Medecine;1979;3;Femme;40;3;3;Research Director;3;Marié;11031;26862;4;No;20;4;3;80;13;2;4;11;7;4;8
54;Non;Voyage_rarement;157;R&D;10;3;Medecine;1980;3;Femme;77;3;2;Manufacturing Director;1;célibataire;4440;25198;6;Yes;19;3;4;80;9;3;3;5;2;1;4
24;Non;Voyage_rarement;771;R&D;1;2;Sciences;1981;2;Homme;45;2;2;Healthcare Representative;3;célibataire;4617;14120;1;No;12;3;2;80;4;2;2;4;3;1;2
23;Non;Voyage_rarement;571;R&D;12;2;Autres;1982;4;Homme;78;3;1;Laboratory Technician;4;célibataire;2647;13672;1;No;13;3;3;80;5;6;4;5;2;1;4
40;Non;Voyage_fréquemment;692;R&D;11;3;Diplome technique;1985;4;Femme;73;3;2;Laboratory Technician;3;Marié;6323;26849;1;No;11;3;1;80;10;2;4;10;9;9;4
40;Non;Voyage_rarement;444;Ventes;2;2;Marketing;1986;2;Femme;92;3;2;Sales Executive;2;Marié;5677;4258;3;No;14;3;3;80;15;4;3;11;8;5;10
25;Non;Voyage_rarement;309;RH;2;3;RH;1987;3;Femme;82;3;1;Human Resources;2;Marié;2187;19655;4;No;14;3;3;80;6;3;3;2;0;1;2
30;Non;Voyage_rarement;911;R&D;1;2;Medecine;1989;4;Homme;76;3;1;Laboratory Technician;2;Marié;3748;4077;1;No;13;3;3;80;12;6;2;12;8;1;7
25;Non;Voyage_rarement;977;R&D;2;1;Autres;1992;4;Homme;57;3;1;Laboratory Technician;3;Divorcé;3977;7298;6;Yes;19;3;3;80;7;2;2;2;2;0;2
47;Non;Voyage_rarement;1180;R&D;25;3;Medecine;1993;1;Homme;84;3;3;Healthcare Representative;3;célibataire;8633;13084;2;No;23;4;2;80;25;3;3;17;14;12;11
33;Non;Voyage-pas;1313;R&D;1;2;Medecine;1994;2;Homme;59;2;1;Laboratory Technician;3;Divorcé;2008;20439;1;No;12;3;3;80;1;2;2;1;1;0;0
38;Non;Voyage_rarement;1321;Ventes;1;4;Sciences;1995;4;Homme;86;3;2;Sales Executive;2;Marié;4440;7636;0;No;15;3;1;80;16;3;3;15;13;5;8
31;Non;Voyage_rarement;1154;Ventes;2;2;Sciences;1996;1;Homme;54;3;1;Sales Representative;3;Marié;3067;6393;0;No;19;3;3;80;3;1;3;2;2;1;2
38;Non;Voyage_fréquemment;508;R&D;6;4;Sciences;1997;1;Homme;72;2;2;Manufacturing Director;3;Marié;5321;14284;2;No;11;3;4;80;10;1;3;8;3;7;7
42;Non;Voyage_rarement;557;R&D;18;4;Sciences;1998;4;Homme;35;3;2;Research Scientist;1;Divorcé;5410;11189;6;Yes;17;3;3;80;9;3;2;4;3;1;2
41;Non;Voyage_rarement;642;R&D;1;3;Sciences;1999;4;Homme;76;3;1;Research Scientist;4;Marié;2782;21412;3;No;22;4;1;80;12;3;3;5;3;1;0
47;Non;Voyage-pas;1162;R&D;1;1;Medecine;2000;3;Femme;98;3;3;Research Director;2;Marié;11957;17231;0;No;18;3;1;80;14;3;1;13;8;5;12
35;Non;Voyage_rarement;1490;R&D;11;4;Medecine;2003;4;Homme;43;3;1;Laboratory Technician;3;Marié;2660;20232;7;Yes;11;3;3;80;5;3;3;2;2;2;2
22;Non;Voyage_rarement;581;R&D;1;2;Sciences;2007;4;Homme;63;3;1;Research Scientist;3;célibataire;3375;17624;0;No;12;3;4;80;4;2;4;3;2;1;2
35;Non;Voyage_rarement;1395;R&D;9;4;Medecine;2008;2;Homme;48;3;2;Research Scientist;3;célibataire;5098;18698;1;No;19;3;2;80;10;5;3;10;7;0;8
33;Non;Voyage_rarement;501;R&D;15;2;Medecine;2009;2;Femme;95;3;2;Healthcare Representative;4;Marié;4878;21653;0;Yes;13;3;1;80;10;6;3;9;7;8;1
32;Non;Voyage_rarement;267;R&D;29;4;Sciences;2010;3;Femme;49;2;1;Laboratory Technician;2;célibataire;2837;15919;1;No;13;3;3;80;6;3;3;6;2;4;1
40;Non;Voyage_rarement;543;R&D;1;4;Sciences;2012;1;Homme;83;3;1;Laboratory Technician;4;Marié;2406;4060;8;No;19;3;3;80;8;3;2;1;0;0;0
32;Non;Voyage_rarement;234;Ventes;1;4;Medecine;2013;2;Homme;68;2;1;Sales Representative;2;Marié;2269;18024;0;No;14;3;2;80;3;2;3;2;2;2;2
39;Non;Voyage_rarement;116;R&D;24;1;Sciences;2014;1;Homme;52;3;2;Research Scientist;4;célibataire;4108;5340;7;No;13;3;1;80;18;2;3;7;7;1;7
38;Non;Voyage_rarement;201;R&D;10;3;Medecine;2015;2;Femme;99;1;3;Research Director;3;Marié;13206;3376;3;No;12;3;1;80;20;3;3;18;16;1;11
32;Non;Voyage_rarement;801;Ventes;1;4;Marketing;2016;3;Femme;48;3;3;Sales Executive;4;Marié;10422;24032;1;No;19;3;3;80;14;3;3;14;10;5;7
37;Non;Voyage_rarement;161;R&D;10;3;Sciences;2017;3;Femme;42;4;3;Research Director;4;Marié;13744;15471;1;Yes;25;4;1;80;16;2;3;16;11;6;8
25;Non;Voyage_rarement;1382;Ventes;8;2;Autres;2018;1;Femme;85;3;2;Sales Executive;3;Divorcé;4907;13684;0;Yes;22;4;2;80;6;3;2;5;3;0;4
52;Non;Voyage-pas;585;Ventes;29;4;Sciences;2019;1;Homme;40;3;1;Sales Representative;4;Divorcé;3482;19788;2;No;15;3;2;80;16;3;2;9;8;0;0
44;Non;Voyage_rarement;1037;R&D;1;3;Medecine;2020;2;Homme;42;3;1;Research Scientist;4;célibataire;2436;13422;6;Yes;12;3;3;80;6;2;3;4;3;1;2
21;Non;Voyage_rarement;501;Ventes;5;1;Medecine;2021;3;Homme;58;3;1;Sales Representative;1;célibataire;2380;25479;1;Yes;11;3;4;80;2;6;3;2;2;1;2
39;Non;Voyage-pas;105;R&D;9;3;Sciences;2022;4;Homme;87;3;5;Manager;4;célibataire;19431;15302;2;No;13;3;3;80;21;3;2;6;0;1;3
23;Oui;Voyage_fréquemment;638;Ventes;9;3;Marketing;2023;4;Homme;33;3;1;Sales Representative;1;Marié;1790;26956;1;No;19;3;1;80;1;3;2;1;0;1;0
36;Non;Voyage_rarement;557;Ventes;3;3;Medecine;2024;1;Femme;94;2;3;Sales Executive;4;Marié;7644;12695;0;No;19;3;3;80;10;2;3;9;7;3;4
36;Non;Voyage_fréquemment;688;R&D;4;2;Sciences;2025;4;Femme;97;3;2;Manufacturing Director;2;Divorcé;5131;9192;7;No;13;3;2;80;18;3;3;4;2;0;2
56;Non;Voyage-pas;667;R&D;1;4;Sciences;2026;3;Homme;57;3;2;Healthcare Representative;3;Divorcé;6306;26236;1;No;21;4;1;80;13;2;2;13;12;1;9
29;Oui;Voyage_rarement;1092;R&D;1;4;Medecine;2027;1;Homme;36;3;1;Research Scientist;4;Marié;4787;26124;9;Yes;14;3;2;80;4;3;4;2;2;2;2
42;Non;Voyage_rarement;300;R&D;2;3;Sciences;2031;1;Homme;56;3;5;Manager;3;Marié;18880;17312;5;No;11;3;1;80;24;2;2;22;6;4;14
56;Oui;Voyage_rarement;310;R&D;7;2;Diplome technique;2032;4;Homme;72;3;1;Laboratory Technician;3;Marié;2339;3666;8;No;11;3;4;80;14;4;1;10;9;9;8
41;Non;Voyage_rarement;582;R&D;28;4;Sciences;2034;1;Femme;60;2;4;Manufacturing Director;2;Marié;13570;5640;0;No;23;4;3;80;21;3;3;20;7;0;10
34;Non;Voyage_rarement;704;Ventes;28;3;Marketing;2035;4;Femme;95;2;2;Sales Executive;3;Marié;6712;8978;1;No;21;4;4;80;8;2;3;8;7;1;7
36;Non;Voyage-pas;301;Ventes;15;4;Marketing;2036;4;Homme;88;1;2;Sales Executive;4;Divorcé;5406;10436;1;No;24;4;1;80;15;4;2;15;12;11;11
41;Non;Voyage_rarement;930;Ventes;3;3;Sciences;2037;3;Homme;57;2;2;Sales Executive;2;Divorcé;8938;12227;2;No;11;3;3;80;14;5;3;5;4;0;4
32;Non;Voyage_rarement;529;R&D;2;3;Diplome technique;2038;4;Homme;78;3;1;Research Scientist;1;célibataire;2439;11288;1;No;14;3;4;80;4;4;3;4;2;1;2
35;Non;Voyage_rarement;1146;RH;26;4;Sciences;2040;3;Femme;31;3;3;Human Resources;4;célibataire;8837;16642;1;Yes;16;3;3;80;9;2;3;9;0;1;7
38;Non;Voyage_rarement;345;Ventes;10;2;Sciences;2041;1;Femme;100;3;2;Sales Executive;4;Marié;5343;5982;1;No;11;3;3;80;10;1;3;10;7;1;9
50;Oui;Voyage_fréquemment;878;Ventes;1;4;Sciences;2044;2;Homme;94;3;2;Sales Executive;3;Divorcé;6728;14255;7;No;12;3;4;80;12;3;3;6;3;0;1
36;Non;Voyage_rarement;1120;Ventes;11;4;Marketing;2045;2;Femme;100;2;2;Sales Executive;4;Marié;6652;14369;4;No;13;3;1;80;8;2;2;6;3;0;0
45;Non;Voyage_rarement;374;Ventes;20;3;Sciences;2046;4;Femme;50;3;2;Sales Executive;3;célibataire;4850;23333;8;No;15;3;3;80;8;3;3;5;3;0;1
40;Non;Voyage_rarement;1322;R&D;2;4;Sciences;2048;3;Homme;52;2;1;Research Scientist;3;célibataire;2809;2725;2;No;14;3;4;80;8;2;3;2;2;2;2
35;Non;Voyage_fréquemment;1199;R&D;18;4;Sciences;2049;3;Homme;80;3;2;Healthcare Representative;3;Marié;5689;24594;1;Yes;14;3;4;80;10;2;4;10;2;0;2
40;Non;Voyage_rarement;1194;R&D;2;4;Medecine;2051;3;Femme;98;3;1;Research Scientist;3;Marié;2001;12549;2;No;14;3;2;80;20;2;3;5;3;0;2
35;Non;Voyage_rarement;287;R&D;1;4;Sciences;2052;3;Femme;62;1;1;Research Scientist;4;Marié;2977;8952;1;No;12;3;4;80;4;5;3;4;3;1;1
29;Non;Voyage_rarement;1378;R&D;13;2;Autres;2053;4;Homme;46;2;2;Laboratory Technician;2;Marié;4025;23679;4;Yes;13;3;1;80;10;2;3;4;3;0;3
29;Non;Voyage_rarement;468;R&D;28;4;Medecine;2054;4;Femme;73;2;1;Research Scientist;1;célibataire;3785;8489;1;No;14;3;2;80;5;3;1;5;4;0;4
50;Oui;Voyage_rarement;410;Ventes;28;3;Marketing;2055;4;Homme;39;2;3;Sales Executive;1;Divorcé;10854;16586;4;Yes;13;3;2;80;20;3;3;3;2;2;0
39;Non;Voyage_rarement;722;Ventes;24;1;Marketing;2056;2;Femme;60;2;4;Sales Executive;4;Marié;12031;8828;0;No;11;3;1;80;21;2;2;20;9;9;6
31;Non;Voyage-pas;325;R&D;5;3;Medecine;2057;2;Homme;74;3;2;Manufacturing Director;1;célibataire;9936;3787;0;No;19;3;2;80;10;2;3;9;4;1;7
26;Non;Voyage_rarement;1167;Ventes;5;3;Autres;2060;4;Femme;30;2;1;Sales Representative;3;célibataire;2966;21378;0;No;18;3;4;80;5;2;3;4;2;0;0
36;Non;Voyage_fréquemment;884;R&D;23;2;Medecine;2061;3;Homme;41;4;2;Laboratory Technician;4;Marié;2571;12290;4;No;17;3;3;80;17;3;3;5;2;0;3
39;Non;Voyage_rarement;613;R&D;6;1;Medecine;2062;4;Homme;42;2;3;Healthcare Representative;1;Marié;9991;21457;4;No;15;3;1;80;9;5;3;7;7;1;7
27;Non;Voyage_rarement;155;R&D;4;3;Sciences;2064;2;Homme;87;4;2;Manufacturing Director;2;Marié;6142;5174;1;Yes;20;4;2;80;6;0;3;6;2;0;3
49;Non;Voyage_fréquemment;1023;Ventes;2;3;Medecine;2065;4;Homme;63;2;2;Sales Executive;2;Marié;5390;13243;2;No;14;3;4;80;17;3;2;9;6;0;8
34;Non;Voyage_rarement;628;R&D;8;3;Medecine;2068;2;Homme;82;4;2;Laboratory Technician;3;Marié;4404;10228;2;No;12;3;1;80;6;3;4;4;3;1;2
